QYEAR,NEWID,SEQNO,ALCNO,REC_ORIG,CRMCODEA,CRMC_DEA,ADVMATX,ADVMATX_,MATNSPCX,MATN_PCX,CRMCDA1,CRMCDA1_,CRMCDA2,CRMCDA2_,CRMCDA3,CRMCDA3_,CRMCDA4,CRMCDA4_,CRMCDA5,CRMCDA5_,CRMCDA6,CRMCDA6_,CRMCDA7,CRMCDA7_,CRMCDA8,CRMCDA8_,CRMCDA9,CRMCDA9_
20171,03386964,12,0,1,140,D,250,D,,A,,A,,A,,A,,A,,A,,A,,A,,A,,A
20171,03390984,3,2,1,300,D,139,E,,A,,A,,A,,A,,A,,A,,A,,A,,A,,A
20171,03390984,3,1,1,175,D,101,E,,A,,A,,A,,A,,A,,A,,A,,A,,A,,A
20171,03390984,3,0,1,310,D,,H,,A,175,D,300,D,,A,,A,,A,,A,,A,,A,,A
20171,03393014,22,0,1,130,D,247,D,,A,,A,,A,,A,,A,,A,,A,,A,,A,,A
20171,03394804,20,0,1,,A,,A,355,D,,A,,A,,A,,A,,A,,A,,A,,A,,A
20171,03395214,17,0,1,140,D,60,D,,A,,A,,A,,A,,A,,A,,A,,A,,A,,A
20171,03396444,11,0,1,210,D,118,D,,A,,A,,A,,A,,A,,A,,A,,A,,A,,A
20171,03407724,2,0,1,175,D,135,D,,A,,A,,A,,A,,A,,A,,A,,A,,A,,A
20171,03408854,17,0,1,,A,,A,160,D,,A,,A,,A,,A,,A,,A,,A,,A,,A
20171,03409234,8,0,1,175,D,20,D,,A,,A,,A,,A,,A,,A,,A,,A,,A,,A
20171,03412784,6,0,1,,A,,A,25,D,,A,,A,,A,,A,,A,,A,,A,,A,,A
20171,03413514,2,0,1,300,D,100,D,,A,,A,,A,,A,,A,,A,,A,,A,,A,,A
20171,03416044,11,0,1,,A,,A,4,D,,A,,A,,A,,A,,A,,A,,A,,A,,A
20171,03416514,2,0,1,,A,,A,50,D,,A,,A,,A,,A,,A,,A,,A,,A,,A
20171,03416624,7,0,1,150,D,600,D,330,D,,A,,A,,A,,A,,A,,A,,A,,A,,A
20171,03419864,2,0,1,130,D,188,D,,A,,A,,A,,A,,A,,A,,A,,A,,A,,A
20171,03423634,9,0,1,175,D,45,D,,A,,A,,A,,A,,A,,A,,A,,A,,A,,A
20171,03424304,10,0,1,260,D,150,D,,A,,A,,A,,A,,A,,A,,A,,A,,A,,A
20171,03428224,14,0,1,200,D,200,D,,A,,A,,A,,A,,A,,A,,A,,A,,A,,A
20171,03428654,9,0,1,300,D,217,D,,A,,A,,A,,A,,A,,A,,A,,A,,A,,A
20171,03428854,1,0,1,280,D,371,F,,A,,A,,A,,A,,A,,A,,A,,A,,A,,A
20171,03429114,12,0,1,,A,,A,150,D,,A,,A,,A,,A,,A,,A,,A,,A,,A
20171,03442363,23,0,1,300,D,250,D,,A,,A,,A,,A,,A,,A,,A,,A,,A,,A
20171,03443223,10,0,1,300,D,30,D,,A,,A,,A,,A,,A,,A,,A,,A,,A,,A
20171,03444203,13,0,1,190,D,90,D,,A,,A,,A,,A,,A,,A,,A,,A,,A,,A
20171,03445233,2,0,1,175,D,50,D,,A,,A,,A,,A,,A,,A,,A,,A,,A,,A
20171,03447403,7,0,1,,A,,A,3500,D,,A,,A,,A,,A,,A,,A,,A,,A,,A
20171,03449943,9,0,1,,A,,A,4000,D,,A,,A,,A,,A,,A,,A,,A,,A,,A
20171,03450263,5,0,1,110,D,2560,D,,A,,A,,A,,A,,A,,A,,A,,A,,A,,A
20171,03460963,5,0,1,,A,,A,50,D,,A,,A,,A,,A,,A,,A,,A,,A,,A
20171,03461393,5,0,1,300,D,42,D,,A,,A,,A,,A,,A,,A,,A,,A,,A,,A
20171,03463193,6,0,1,130,D,150,D,,A,,A,,A,,A,,A,,A,,A,,A,,A,,A
20171,03464303,1,0,1,260,D,500,D,,A,,A,,A,,A,,A,,A,,A,,A,,A,,A
20171,03464373,1,0,1,280,D,1300,D,,A,,A,,A,,A,,A,,A,,A,,A,,A,,A
20171,03465083,8,0,1,,A,,A,100,D,,A,,A,,A,,A,,A,,A,,A,,A,,A
20171,03466533,2,0,1,,A,,A,10,D,,A,,A,,A,,A,,A,,A,,A,,A,,A
20171,03466733,6,0,1,130,D,1100,D,,A,,A,,A,,A,,A,,A,,A,,A,,A,,A
20171,03468063,12,0,1,300,D,300,D,,A,,A,,A,,A,,A,,A,,A,,A,,A,,A
20171,03468943,4,0,1,175,D,40,D,,A,,A,,A,,A,,A,,A,,A,,A,,A,,A
20171,03468983,12,0,1,,A,,A,300,D,,A,,A,,A,,A,,A,,A,,A,,A,,A
20171,03469033,20,0,1,,A,,A,98,D,,A,,A,,A,,A,,A,,A,,A,,A,,A
20171,03469173,13,0,1,175,D,90,D,,A,,A,,A,,A,,A,,A,,A,,A,,A,,A
20171,03469453,8,0,1,,A,,A,100,D,,A,,A,,A,,A,,A,,A,,A,,A,,A
20171,03469593,16,0,1,,A,,A,100,D,,A,,A,,A,,A,,A,,A,,A,,A,,A
20171,03470503,9,0,1,300,D,707,D,,A,,A,,A,,A,,A,,A,,A,,A,,A,,A
20171,03470623,5,0,1,130,D,1500,D,,A,,A,,A,,A,,A,,A,,A,,A,,A,,A
20171,03470653,12,0,1,130,D,94,D,,A,,A,,A,,A,,A,,A,,A,,A,,A,,A
20171,03492873,9,0,1,300,D,155,D,,A,,A,,A,,A,,A,,A,,A,,A,,A,,A
20171,03493273,5,0,1,150,D,762,D,,A,,A,,A,,A,,A,,A,,A,,A,,A,,A
20171,03494673,7,0,1,130,D,3350,D,,A,,A,,A,,A,,A,,A,,A,,A,,A,,A
20171,03494793,5,0,1,130,D,150,D,,A,,A,,A,,A,,A,,A,,A,,A,,A,,A
20171,03494973,6,0,1,130,D,729,D,,A,,A,,A,,A,,A,,A,,A,,A,,A,,A
20171,03495003,7,0,1,175,D,196,D,45,D,,A,,A,,A,,A,,A,,A,,A,,A,,A
20171,03495023,4,0,1,140,D,60,D,,A,,A,,A,,A,,A,,A,,A,,A,,A,,A
20171,03495173,2,0,1,110,D,2560,F,,A,,A,,A,,A,,A,,A,,A,,A,,A,,A
20171,03497103,26,0,1,,A,,A,2500,D,,A,,A,,A,,A,,A,,A,,A,,A,,A
20171,03498913,16,0,1,,A,,A,45,D,,A,,A,,A,,A,,A,,A,,A,,A,,A
20171,03499343,22,0,1,,A,,A,30,D,,A,,A,,A,,A,,A,,A,,A,,A,,A
20171,03500033,3,0,1,175,D,45,D,,A,,A,,A,,A,,A,,A,,A,,A,,A,,A
20171,03500193,1,1,1,280,D,1500,E,,A,,A,,A,,A,,A,,A,,A,,A,,A,,A
20171,03500193,1,0,1,310,D,,H,,A,175,D,280,D,,A,,A,,A,,A,,A,,A,,A
20171,03501113,16,0,1,140,D,500,D,,A,,A,,A,,A,,A,,A,,A,,A,,A,,A
20171,03501313,4,0,1,,A,,A,250,D,,A,,A,,A,,A,,A,,A,,A,,A,,A
20171,03502623,8,0,1,,A,,A,400,D,,A,,A,,A,,A,,A,,A,,A,,A,,A
20171,03502763,4,0,1,160,D,15,D,,A,,A,,A,,A,,A,,A,,A,,A,,A,,A
20171,03505812,6,0,1,,A,,A,200,D,,A,,A,,A,,A,,A,,A,,A,,A,,A
20171,03506872,5,0,1,300,D,110,D,,A,,A,,A,,A,,A,,A,,A,,A,,A,,A
20171,03507352,15,0,1,300,D,250,D,,A,,A,,A,,A,,A,,A,,A,,A,,A,,A
20171,03507802,7,0,1,175,D,75,D,,A,,A,,A,,A,,A,,A,,A,,A,,A,,A
20171,03508332,11,0,1,175,D,116,D,,A,,A,,A,,A,,A,,A,,A,,A,,A,,A
20171,03508562,11,0,1,,A,,A,200,D,,A,,A,,A,,A,,A,,A,,A,,A,,A
20171,03509192,6,0,1,,A,,A,156,D,,A,,A,,A,,A,,A,,A,,A,,A,,A
20171,03509642,10,0,1,,A,,A,50,D,,A,,A,,A,,A,,A,,A,,A,,A,,A
20171,03509912,23,0,1,210,D,35,D,,A,,A,,A,,A,,A,,A,,A,,A,,A,,A
20171,03510302,9,0,1,235,D,247,D,,A,,A,,A,,A,,A,,A,,A,,A,,A,,A
20171,03510502,2,0,1,210,D,35,D,12,D,,A,,A,,A,,A,,A,,A,,A,,A,,A
20171,03510724,9,0,1,,A,,A,60,D,,A,,A,,A,,A,,A,,A,,A,,A,,A
20171,03511782,13,0,1,,A,,A,141,D,,A,,A,,A,,A,,A,,A,,A,,A,,A
20171,03511872,2,0,1,,A,,A,80,D,,A,,A,,A,,A,,A,,A,,A,,A,,A
20171,03512282,10,0,1,,A,,A,65,D,,A,,A,,A,,A,,A,,A,,A,,A,,A
20171,03512452,6,0,1,,A,,A,27,D,,A,,A,,A,,A,,A,,A,,A,,A,,A
20171,03512532,6,0,1,,A,,A,60,D,,A,,A,,A,,A,,A,,A,,A,,A,,A
20171,03523992,7,0,1,200,D,247,D,,A,,A,,A,,A,,A,,A,,A,,A,,A,,A
20171,03525822,8,0,1,175,D,80,D,,A,,A,,A,,A,,A,,A,,A,,A,,A,,A
20171,03526392,3,0,1,,A,,A,150,D,,A,,A,,A,,A,,A,,A,,A,,A,,A
20171,03527212,10,0,1,300,D,500,D,,A,,A,,A,,A,,A,,A,,A,,A,,A,,A
20171,03528622,6,0,1,,A,,A,115,D,,A,,A,,A,,A,,A,,A,,A,,A,,A
20171,03528992,2,0,1,130,D,800,D,,A,,A,,A,,A,,A,,A,,A,,A,,A,,A
20171,03530802,4,0,1,300,D,56,D,,A,,A,,A,,A,,A,,A,,A,,A,,A,,A
20171,03530912,21,0,1,,A,,A,45,F,,A,,A,,A,,A,,A,,A,,A,,A,,A
20171,03532662,4,2,1,160,D,100,E,,A,,A,,A,,A,,A,,A,,A,,A,,A,,A
20171,03532662,4,1,1,290,D,200,E,,A,,A,,A,,A,,A,,A,,A,,A,,A,,A
20171,03532662,4,0,1,310,D,,H,,A,290,D,160,D,,A,,A,,A,,A,,A,,A,,A
20171,03533342,6,2,1,260,D,109,E,,A,,A,,A,,A,,A,,A,,A,,A,,A,,A
20171,03533342,6,1,1,175,D,61,E,,A,,A,,A,,A,,A,,A,,A,,A,,A,,A
20171,03533342,6,0,1,310,D,,H,,A,310,D,300,D,,A,,A,,A,,A,,A,,A,,A
20171,03545982,1,0,1,140,D,10,D,,A,,A,,A,,A,,A,,A,,A,,A,,A,,A
20171,03546742,5,0,1,,A,,A,400,D,,A,,A,,A,,A,,A,,A,,A,,A,,A
20171,03550152,10,0,1,,A,,A,35,D,,A,,A,,A,,A,,A,,A,,A,,A,,A
20171,03550202,9,0,1,175,D,30,D,,A,,A,,A,,A,,A,,A,,A,,A,,A,,A
20171,03550852,11,0,1,,A,,A,1200,D,,A,,A,,A,,A,,A,,A,,A,,A,,A
20171,03553832,7,0,1,300,D,169,D,,A,,A,,A,,A,,A,,A,,A,,A,,A,,A
20171,03554802,2,0,1,,A,,A,75,D,,A,,A,,A,,A,,A,,A,,A,,A,,A
20171,03555252,4,0,1,130,D,300,D,,A,,A,,A,,A,,A,,A,,A,,A,,A,,A
20171,03555802,1,0,1,200,D,70,D,,A,,A,,A,,A,,A,,A,,A,,A,,A,,A
20171,03568281,9,0,1,280,D,250,D,,A,,A,,A,,A,,A,,A,,A,,A,,A,,A
20171,03568771,8,0,1,300,D,100,D,50,D,,A,,A,,A,,A,,A,,A,,A,,A,,A
20171,03569711,7,0,1,175,D,166,D,,A,,A,,A,,A,,A,,A,,A,,A,,A,,A
20171,03569961,6,0,1,130,D,1600,D,,A,,A,,A,,A,,A,,A,,A,,A,,A,,A
20171,03571101,11,0,1,175,D,70,D,,A,,A,,A,,A,,A,,A,,A,,A,,A,,A
20171,03571541,4,0,1,190,D,135,D,,A,,A,,A,,A,,A,,A,,A,,A,,A,,A
20171,03572631,4,0,1,,A,,A,30,D,,A,,A,,A,,A,,A,,A,,A,,A,,A
20171,03572771,5,0,1,,A,,A,300,D,,A,,A,,A,,A,,A,,A,,A,,A,,A
20171,03573301,9,0,1,,A,,A,15,D,,A,,A,,A,,A,,A,,A,,A,,A,,A
20171,03574001,11,0,1,,A,,A,29,D,,A,,A,,A,,A,,A,,A,,A,,A,,A
20171,03575011,8,0,1,210,D,50,F,,A,,A,,A,,A,,A,,A,,A,,A,,A,,A
20171,03576421,3,0,1,300,D,600,D,,A,,A,,A,,A,,A,,A,,A,,A,,A,,A
20171,03576653,13,0,1,160,D,350,D,,A,,A,,A,,A,,A,,A,,A,,A,,A,,A
20171,03576861,3,0,1,210,D,150,D,,A,,A,,A,,A,,A,,A,,A,,A,,A,,A
20171,03589071,6,1,1,130,D,200,E,,A,,A,,A,,A,,A,,A,,A,,A,,A,,A
20171,03589071,6,0,1,310,D,,H,,A,140,D,130,D,,A,,A,,A,,A,,A,,A,,A
20171,03590351,10,0,1,235,D,950,D,,A,,A,,A,,A,,A,,A,,A,,A,,A,,A
20171,03590431,8,0,1,,A,,A,400,D,,A,,A,,A,,A,,A,,A,,A,,A,,A
20171,03590461,4,2,1,175,D,140,E,,A,,A,,A,,A,,A,,A,,A,,A,,A,,A
20171,03590461,4,1,1,130,D,1407,E,,A,,A,,A,,A,,A,,A,,A,,A,,A,,A
20171,03590461,4,0,1,310,D,,H,,A,310,D,130,D,,A,,A,,A,,A,,A,,A,,A
20171,03590461,4,5,1,300,D,193,E,,A,,A,,A,,A,,A,,A,,A,,A,,A,,A
20171,03590461,4,4,1,235,D,1673,E,,A,,A,,A,,A,,A,,A,,A,,A,,A,,A
20171,03590461,4,3,1,210,D,87,E,,A,,A,,A,,A,,A,,A,,A,,A,,A,,A
20171,03590661,7,0,1,,A,,A,16,D,,A,,A,,A,,A,,A,,A,,A,,A,,A
20171,03590721,5,0,1,130,D,96,D,,A,,A,,A,,A,,A,,A,,A,,A,,A,,A
20171,03591121,9,0,1,200,D,600,D,,A,,A,,A,,A,,A,,A,,A,,A,,A,,A
20171,03593521,1,0,1,175,D,100,D,,A,,A,,A,,A,,A,,A,,A,,A,,A,,A
20171,03593641,9,0,1,300,D,1200,D,,A,,A,,A,,A,,A,,A,,A,,A,,A,,A
20171,03593991,10,0,1,,A,,A,190,D,,A,,A,,A,,A,,A,,A,,A,,A,,A
20171,03595821,3,0,1,260,D,90,D,,A,,A,,A,,A,,A,,A,,A,,A,,A,,A
20171,03597181,9,0,1,235,D,150,D,,A,,A,,A,,A,,A,,A,,A,,A,,A,,A
20171,03597191,3,0,1,300,D,20,D,,A,,A,,A,,A,,A,,A,,A,,A,,A,,A
20171,03597321,9,0,1,,A,,A,50,D,,A,,A,,A,,A,,A,,A,,A,,A,,A
20171,03597421,15,0,1,210,D,50,D,,A,,A,,A,,A,,A,,A,,A,,A,,A,,A
20171,03597961,12,0,1,210,D,50,D,,A,,A,,A,,A,,A,,A,,A,,A,,A,,A
20171,03599781,19,0,1,,A,,A,80,D,,A,,A,,A,,A,,A,,A,,A,,A,,A
20171,03600681,6,0,1,,A,,A,85,D,,A,,A,,A,,A,,A,,A,,A,,A,,A
20171,03601191,8,0,1,,A,,A,200,D,,A,,A,,A,,A,,A,,A,,A,,A,,A
20171,03601921,10,0,1,175,D,165,D,,A,,A,,A,,A,,A,,A,,A,,A,,A,,A
20171,03603301,1,0,1,,A,,A,180,D,,A,,A,,A,,A,,A,,A,,A,,A,,A
20171,03603531,17,0,1,300,D,20,D,,A,,A,,A,,A,,A,,A,,A,,A,,A,,A
20171,03604431,2,0,1,280,D,720,D,,A,,A,,A,,A,,A,,A,,A,,A,,A,,A
20171,03605511,3,0,1,235,D,1000,D,,A,,A,,A,,A,,A,,A,,A,,A,,A,,A
20171,03605911,4,0,1,300,D,20,D,,A,,A,,A,,A,,A,,A,,A,,A,,A,,A
20171,03606381,30,0,1,140,D,95,D,,A,,A,,A,,A,,A,,A,,A,,A,,A,,A
20171,03606541,10,0,1,,A,,A,60,D,,A,,A,,A,,A,,A,,A,,A,,A,,A
20172,03440224,1,0,1,,A,,A,20,D,,A,,A,,A,,A,,A,,A,,A,,A,,A
20172,03442354,12,0,1,300,D,1200,D,,A,,A,,A,,A,,A,,A,,A,,A,,A,,A
20172,03443484,3,0,1,,A,,A,75,D,,A,,A,,A,,A,,A,,A,,A,,A,,A
20172,03443754,13,0,1,140,D,80,D,,A,,A,,A,,A,,A,,A,,A,,A,,A,,A
20172,03444504,3,0,1,140,D,2000,D,,A,,A,,A,,A,,A,,A,,A,,A,,A,,A
20172,03445564,16,0,1,300,D,3,D,,A,,A,,A,,A,,A,,A,,A,,A,,A,,A
20172,03445574,7,0,1,130,D,2500,D,,A,,A,,A,,A,,A,,A,,A,,A,,A,,A
20172,03445684,11,0,1,140,D,200,D,,A,,A,,A,,A,,A,,A,,A,,A,,A,,A
20172,03445954,13,0,1,,A,,A,30,D,,A,,A,,A,,A,,A,,A,,A,,A,,A
20172,03446244,3,0,1,310,D,,H,,A,310,D,235,D,,A,,A,,A,,A,,A,,A,,A
20172,03446244,3,1,1,110,D,110,G,,A,,A,,A,,A,,A,,A,,A,,A,,A,,A
20172,03446244,3,2,1,130,D,983,G,,A,,A,,A,,A,,A,,A,,A,,A,,A,,A
20172,03446244,3,3,1,160,D,126,G,,A,,A,,A,,A,,A,,A,,A,,A,,A,,A
20172,03446244,3,4,1,175,D,245,G,,A,,A,,A,,A,,A,,A,,A,,A,,A,,A
20172,03446244,3,5,1,200,D,24,G,,A,,A,,A,,A,,A,,A,,A,,A,,A,,A
20172,03446244,3,6,1,300,D,12,G,,A,,A,,A,,A,,A,,A,,A,,A,,A,,A
20172,03446784,12,0,1,280,D,160,D,,A,,A,,A,,A,,A,,A,,A,,A,,A,,A
20172,03448564,7,0,1,290,D,54,D,,A,,A,,A,,A,,A,,A,,A,,A,,A,,A
20172,03448904,7,0,1,130,D,100,D,,A,,A,,A,,A,,A,,A,,A,,A,,A,,A
20172,03450374,12,0,1,300,D,500,D,,A,,A,,A,,A,,A,,A,,A,,A,,A,,A
20172,03450454,3,0,1,175,D,25,D,,A,,A,,A,,A,,A,,A,,A,,A,,A,,A
20172,03461024,5,0,1,,A,,A,21,D,,A,,A,,A,,A,,A,,A,,A,,A,,A
20172,03462144,1,0,1,130,D,400,D,,A,,A,,A,,A,,A,,A,,A,,A,,A,,A
20172,03462914,3,0,1,300,D,50,D,,A,,A,,A,,A,,A,,A,,A,,A,,A,,A
20172,03463194,2,0,1,140,D,50,D,,A,,A,,A,,A,,A,,A,,A,,A,,A,,A
20172,03465004,7,0,1,300,D,398,D,,A,,A,,A,,A,,A,,A,,A,,A,,A,,A
20172,03465284,8,0,1,210,D,92,D,,A,,A,,A,,A,,A,,A,,A,,A,,A,,A
20172,03465374,3,0,1,175,D,50,D,,A,,A,,A,,A,,A,,A,,A,,A,,A,,A
20172,03465474,6,0,1,,A,,A,160,D,,A,,A,,A,,A,,A,,A,,A,,A,,A
20172,03465684,2,0,1,300,D,100,D,,A,,A,,A,,A,,A,,A,,A,,A,,A,,A
20172,03466774,9,0,1,300,D,600,D,105,D,,A,,A,,A,,A,,A,,A,,A,,A,,A
20172,03467014,11,0,1,175,D,80,D,,A,,A,,A,,A,,A,,A,,A,,A,,A,,A
20172,03467354,13,0,1,175,D,49,D,,A,,A,,A,,A,,A,,A,,A,,A,,A,,A
20172,03468024,1,0,1,175,D,100,D,,A,,A,,A,,A,,A,,A,,A,,A,,A,,A
20172,03468064,8,0,1,300,D,375,D,,A,,A,,A,,A,,A,,A,,A,,A,,A,,A
20172,03468704,2,0,1,,A,,A,75,D,,A,,A,,A,,A,,A,,A,,A,,A,,A
20172,03469324,14,0,1,130,D,20,D,18,D,,A,,A,,A,,A,,A,,A,,A,,A,,A
20172,03469594,15,0,1,,A,,A,74,D,,A,,A,,A,,A,,A,,A,,A,,A,,A
20172,03470434,6,0,1,175,D,65,D,,A,,A,,A,,A,,A,,A,,A,,A,,A,,A
20172,03470624,2,0,1,130,D,300,D,,A,,A,,A,,A,,A,,A,,A,,A,,A,,A
20172,03492074,5,0,1,,A,,A,6,D,,A,,A,,A,,A,,A,,A,,A,,A,,A
20172,03493224,4,0,1,110,D,200,D,,A,,A,,A,,A,,A,,A,,A,,A,,A,,A
20172,03493814,4,0,1,130,D,430,D,,A,,A,,A,,A,,A,,A,,A,,A,,A,,A
20172,03493944,7,0,1,300,D,30,D,,A,,A,,A,,A,,A,,A,,A,,A,,A,,A
20172,03494284,5,0,1,175,D,50,D,,A,,A,,A,,A,,A,,A,,A,,A,,A,,A
20172,03494814,6,0,1,130,D,250,D,,A,,A,,A,,A,,A,,A,,A,,A,,A,,A
20172,03496274,6,0,1,175,D,65,D,,A,,A,,A,,A,,A,,A,,A,,A,,A,,A
20172,03496764,7,0,1,300,D,360,D,360,D,,A,,A,,A,,A,,A,,A,,A,,A,,A
20172,03497194,2,0,1,175,D,100,D,,A,,A,,A,,A,,A,,A,,A,,A,,A,,A
20172,03497744,3,0,1,130,D,300,D,,A,,A,,A,,A,,A,,A,,A,,A,,A,,A
20172,03498884,12,0,1,175,D,159,D,,A,,A,,A,,A,,A,,A,,A,,A,,A,,A
20172,03499664,7,0,1,175,D,47,D,,A,,A,,A,,A,,A,,A,,A,,A,,A,,A
20172,03500264,5,0,1,300,D,125,D,,A,,A,,A,,A,,A,,A,,A,,A,,A,,A
20172,03501114,23,0,1,140,D,15,D,,A,,A,,A,,A,,A,,A,,A,,A,,A,,A
20172,03501124,14,0,1,,A,,A,5,D,,A,,A,,A,,A,,A,,A,,A,,A,,A
20172,03501144,1,0,1,300,D,360,D,,A,,A,,A,,A,,A,,A,,A,,A,,A,,A
20172,03504403,8,0,1,175,D,78,D,,A,,A,,A,,A,,A,,A,,A,,A,,A,,A
20172,03505053,8,0,1,300,D,50,D,,A,,A,,A,,A,,A,,A,,A,,A,,A,,A
20172,03505313,11,0,1,160,D,50,D,,A,,A,,A,,A,,A,,A,,A,,A,,A,,A
20172,03506753,6,0,1,,A,,A,68,D,,A,,A,,A,,A,,A,,A,,A,,A,,A
20172,03507473,8,0,1,160,D,50,D,,A,,A,,A,,A,,A,,A,,A,,A,,A,,A
20172,03507973,8,0,1,,A,,A,200,D,,A,,A,,A,,A,,A,,A,,A,,A,,A
20172,03508523,2,0,1,140,D,50,D,,A,,A,,A,,A,,A,,A,,A,,A,,A,,A
20172,03508703,7,0,1,120,D,100,D,,A,,A,,A,,A,,A,,A,,A,,A,,A,,A
20172,03508913,11,0,1,175,D,28,D,,A,,A,,A,,A,,A,,A,,A,,A,,A,,A
20172,03508933,4,0,1,140,D,55,D,,A,,A,,A,,A,,A,,A,,A,,A,,A,,A
20172,03509063,9,0,1,,A,,A,99,D,,A,,A,,A,,A,,A,,A,,A,,A,,A
20172,03509343,16,0,1,,A,,A,20,D,,A,,A,,A,,A,,A,,A,,A,,A,,A
20172,03509983,2,0,1,,A,,A,80,D,,A,,A,,A,,A,,A,,A,,A,,A,,A
20172,03512163,6,0,1,140,D,70,D,,A,,A,,A,,A,,A,,A,,A,,A,,A,,A
20172,03512283,12,0,1,130,D,250,D,,A,,A,,A,,A,,A,,A,,A,,A,,A,,A
20172,03512433,10,0,1,140,D,60,D,,A,,A,,A,,A,,A,,A,,A,,A,,A,,A
20172,03512533,8,0,1,290,D,50,D,,A,,A,,A,,A,,A,,A,,A,,A,,A,,A
20172,03512703,7,0,1,175,D,50,D,,A,,A,,A,,A,,A,,A,,A,,A,,A,,A
20172,03524053,8,0,1,200,D,128,D,,A,,A,,A,,A,,A,,A,,A,,A,,A,,A
20172,03525633,13,0,1,,A,,A,105,D,,A,,A,,A,,A,,A,,A,,A,,A,,A
20172,03525823,5,0,1,175,D,25,D,,A,,A,,A,,A,,A,,A,,A,,A,,A,,A
20172,03526283,3,0,1,260,D,200,D,,A,,A,,A,,A,,A,,A,,A,,A,,A,,A
20172,03526333,4,0,1,300,D,95,D,,A,,A,,A,,A,,A,,A,,A,,A,,A,,A
20172,03526453,3,0,1,,A,,A,200,D,,A,,A,,A,,A,,A,,A,,A,,A,,A
20172,03526493,5,0,1,235,D,150,D,,A,,A,,A,,A,,A,,A,,A,,A,,A,,A
20172,03526523,9,0,1,300,D,100,F,,A,,A,,A,,A,,A,,A,,A,,A,,A,,A
20172,03529163,5,0,1,300,D,130,D,,A,,A,,A,,A,,A,,A,,A,,A,,A,,A
20172,03531133,2,0,1,,A,,A,150,D,,A,,A,,A,,A,,A,,A,,A,,A,,A
20172,03532083,15,0,1,300,D,20,D,,A,,A,,A,,A,,A,,A,,A,,A,,A,,A
20172,03532383,4,0,1,130,D,300,D,,A,,A,,A,,A,,A,,A,,A,,A,,A,,A
20172,03534393,8,0,1,220,D,100,D,,A,,A,,A,,A,,A,,A,,A,,A,,A,,A
20172,03534653,11,0,1,300,D,100,D,,A,,A,,A,,A,,A,,A,,A,,A,,A,,A
20172,03545723,3,0,1,,A,,A,4,D,,A,,A,,A,,A,,A,,A,,A,,A,,A
20172,03546813,8,0,1,,A,,A,100,D,,A,,A,,A,,A,,A,,A,,A,,A,,A
20172,03547673,10,0,1,300,D,170,D,,A,,A,,A,,A,,A,,A,,A,,A,,A,,A
20172,03547933,10,0,1,300,D,3,D,,A,,A,,A,,A,,A,,A,,A,,A,,A,,A
20172,03547953,4,0,1,110,D,45,D,,A,,A,,A,,A,,A,,A,,A,,A,,A,,A
20172,03547983,10,0,1,190,D,4,D,,A,,A,,A,,A,,A,,A,,A,,A,,A,,A
20172,03548513,12,0,1,235,D,50,D,,A,,A,,A,,A,,A,,A,,A,,A,,A,,A
20172,03549253,6,0,1,,A,,A,110,D,,A,,A,,A,,A,,A,,A,,A,,A,,A
20172,03549283,2,0,1,130,D,2500,D,,A,,A,,A,,A,,A,,A,,A,,A,,A,,A
20172,03549423,7,0,1,,A,,A,100,D,,A,,A,,A,,A,,A,,A,,A,,A,,A
20172,03549923,13,0,1,175,D,25,D,,A,,A,,A,,A,,A,,A,,A,,A,,A,,A
20172,03550013,2,0,1,,A,,A,30,D,,A,,A,,A,,A,,A,,A,,A,,A,,A
20172,03552193,15,0,1,160,D,110,D,,A,,A,,A,,A,,A,,A,,A,,A,,A,,A
20172,03552703,5,0,1,175,D,45,D,,A,,A,,A,,A,,A,,A,,A,,A,,A,,A
20172,03552863,6,0,1,140,D,20,D,,A,,A,,A,,A,,A,,A,,A,,A,,A,,A
20172,03553063,5,0,1,190,D,27,D,,A,,A,,A,,A,,A,,A,,A,,A,,A,,A
20172,03553743,3,0,1,270,D,10583,T,,A,,A,,A,,A,,A,,A,,A,,A,,A,,A
20172,03554073,5,0,1,300,D,151,D,,A,,A,,A,,A,,A,,A,,A,,A,,A,,A
20172,03554153,3,0,1,175,D,100,D,,A,,A,,A,,A,,A,,A,,A,,A,,A,,A
20172,03554183,2,0,1,130,D,1800,D,,A,,A,,A,,A,,A,,A,,A,,A,,A,,A
20172,03554463,5,0,1,140,D,1100,D,,A,,A,,A,,A,,A,,A,,A,,A,,A,,A
20172,03554893,8,0,1,,A,,A,200,D,,A,,A,,A,,A,,A,,A,,A,,A,,A
20172,03567422,13,0,1,140,D,75,D,,A,,A,,A,,A,,A,,A,,A,,A,,A,,A
20172,03567812,5,0,1,160,D,20,F,,A,,A,,A,,A,,A,,A,,A,,A,,A,,A
20172,03568032,7,0,1,,A,,A,400,D,,A,,A,,A,,A,,A,,A,,A,,A,,A
20172,03568402,2,0,1,300,D,150,D,,A,,A,,A,,A,,A,,A,,A,,A,,A,,A
20172,03568412,2,0,1,130,D,500,F,,A,,A,,A,,A,,A,,A,,A,,A,,A,,A
20172,03568893,7,0,1,,A,,A,300,D,,A,,A,,A,,A,,A,,A,,A,,A,,A
20172,03569832,3,0,1,175,D,65,D,,A,,A,,A,,A,,A,,A,,A,,A,,A,,A
20172,03570822,17,0,1,175,D,50,D,,A,,A,,A,,A,,A,,A,,A,,A,,A,,A
20172,03571692,1,0,1,270,D,1500,D,,A,,A,,A,,A,,A,,A,,A,,A,,A,,A
20172,03572122,3,0,1,,A,,A,60,D,,A,,A,,A,,A,,A,,A,,A,,A,,A
20172,03573412,9,0,1,300,D,100,D,,A,,A,,A,,A,,A,,A,,A,,A,,A,,A
20172,03574052,3,0,1,130,D,20,D,,A,,A,,A,,A,,A,,A,,A,,A,,A,,A
20172,03574752,3,0,1,140,D,36,D,,A,,A,,A,,A,,A,,A,,A,,A,,A,,A
20172,03575912,5,0,1,,A,,A,25,D,,A,,A,,A,,A,,A,,A,,A,,A,,A
20172,03575982,2,0,1,175,D,89,D,,A,,A,,A,,A,,A,,A,,A,,A,,A,,A
20172,03588822,5,0,1,140,D,200,F,,A,,A,,A,,A,,A,,A,,A,,A,,A,,A
20172,03589582,7,0,1,175,D,76,D,,A,,A,,A,,A,,A,,A,,A,,A,,A,,A
20172,03589682,12,0,1,150,D,1400,D,,A,,A,,A,,A,,A,,A,,A,,A,,A,,A
20172,03590552,4,0,1,150,D,100,D,,A,,A,,A,,A,,A,,A,,A,,A,,A,,A
20172,03591892,33,0,1,300,D,477,D,,A,,A,,A,,A,,A,,A,,A,,A,,A,,A
20172,03591972,7,0,1,150,D,3760,D,,A,,A,,A,,A,,A,,A,,A,,A,,A,,A
20172,03592152,28,0,1,,A,,A,227,D,,A,,A,,A,,A,,A,,A,,A,,A,,A
20172,03592242,6,0,1,175,D,40,D,,A,,A,,A,,A,,A,,A,,A,,A,,A,,A
20172,03594342,3,0,1,140,D,200,D,150,D,,A,,A,,A,,A,,A,,A,,A,,A,,A
20172,03595102,9,0,1,100,D,1000,D,,A,,A,,A,,A,,A,,A,,A,,A,,A,,A
20172,03595212,3,0,1,,A,,A,40,D,,A,,A,,A,,A,,A,,A,,A,,A,,A
20172,03595272,6,0,1,175,D,200,D,,A,,A,,A,,A,,A,,A,,A,,A,,A,,A
20172,03595362,5,0,1,175,D,160,D,,A,,A,,A,,A,,A,,A,,A,,A,,A,,A
20172,03595682,11,0,1,310,D,,H,,A,300,D,235,D,,A,,A,,A,,A,,A,,A,,A
20172,03595682,11,1,1,300,D,600,E,,A,,A,,A,,A,,A,,A,,A,,A,,A,,A
20172,03595912,7,0,1,,A,,A,60,D,,A,,A,,A,,A,,A,,A,,A,,A,,A
20172,03597552,3,0,1,,A,,A,1150,D,,A,,A,,A,,A,,A,,A,,A,,A,,A
20172,03598122,7,0,1,210,D,238,D,,A,,A,,A,,A,,A,,A,,A,,A,,A,,A
20172,03598662,7,0,1,160,D,20,D,,A,,A,,A,,A,,A,,A,,A,,A,,A,,A
20172,03599402,6,0,1,300,D,5,D,,A,,A,,A,,A,,A,,A,,A,,A,,A,,A
20172,03599432,6,0,1,130,D,1200,D,,A,,A,,A,,A,,A,,A,,A,,A,,A,,A
20172,03599732,5,0,1,,A,,A,200,D,,A,,A,,A,,A,,A,,A,,A,,A,,A
20172,03602002,4,0,1,130,D,10583,T,,A,,A,,A,,A,,A,,A,,A,,A,,A,,A
20172,03602292,1,0,1,210,D,800,D,,A,,A,,A,,A,,A,,A,,A,,A,,A,,A
20172,03602952,2,0,1,,A,,A,8,D,,A,,A,,A,,A,,A,,A,,A,,A,,A
20172,03603812,15,0,1,300,D,200,D,,A,,A,,A,,A,,A,,A,,A,,A,,A,,A
20172,03604472,2,0,1,150,D,735,D,,A,,A,,A,,A,,A,,A,,A,,A,,A,,A
20172,03604882,8,0,1,,A,,A,75,D,,A,,A,,A,,A,,A,,A,,A,,A,,A
20172,03604922,4,0,1,,A,,A,70,D,,A,,A,,A,,A,,A,,A,,A,,A,,A
20172,03605782,11,0,1,,A,,A,50,D,,A,,A,,A,,A,,A,,A,,A,,A,,A
20172,03605912,10,0,1,300,D,25,D,,A,,A,,A,,A,,A,,A,,A,,A,,A,,A
20172,03607402,10,0,1,130,D,10583,T,1,D,,A,,A,,A,,A,,A,,A,,A,,A,,A
20172,03607972,1,0,1,210,D,1,D,,A,,A,,A,,A,,A,,A,,A,,A,,A,,A
20172,03608172,3,0,1,175,D,50,D,,A,,A,,A,,A,,A,,A,,A,,A,,A,,A
20172,03639501,3,0,1,,A,,A,60,D,,A,,A,,A,,A,,A,,A,,A,,A,,A
20172,03639631,6,0,1,160,D,40,D,60,D,,A,,A,,A,,A,,A,,A,,A,,A,,A
20172,03639811,6,0,1,175,D,50,D,,A,,A,,A,,A,,A,,A,,A,,A,,A,,A
20172,03640481,1,0,1,310,D,,H,,A,190,D,160,D,,A,,A,,A,,A,,A,,A,,A
20172,03640481,1,1,1,190,D,500,E,,A,,A,,A,,A,,A,,A,,A,,A,,A,,A
20172,03640481,1,2,1,160,D,1000,E,,A,,A,,A,,A,,A,,A,,A,,A,,A,,A
20172,03640971,18,0,1,130,D,30,D,,A,,A,,A,,A,,A,,A,,A,,A,,A,,A
20172,03641111,3,0,1,140,D,200,D,,A,,A,,A,,A,,A,,A,,A,,A,,A,,A
20172,03641951,2,0,1,175,D,20,D,,A,,A,,A,,A,,A,,A,,A,,A,,A,,A
20172,03642251,5,0,1,,A,,A,300,D,,A,,A,,A,,A,,A,,A,,A,,A,,A
20172,03642611,14,0,1,210,D,600,D,,A,,A,,A,,A,,A,,A,,A,,A,,A,,A
20172,03642741,5,0,1,140,D,400,D,,A,,A,,A,,A,,A,,A,,A,,A,,A,,A
20172,03642821,13,0,1,130,D,1800,D,,A,,A,,A,,A,,A,,A,,A,,A,,A,,A
20172,03642981,2,0,1,175,D,30,D,,A,,A,,A,,A,,A,,A,,A,,A,,A,,A
20172,03643291,7,0,1,,A,,A,1200,D,,A,,A,,A,,A,,A,,A,,A,,A,,A
20172,03643561,8,0,1,,A,,A,60,D,,A,,A,,A,,A,,A,,A,,A,,A,,A
20172,03643631,9,0,1,210,D,160,D,,A,,A,,A,,A,,A,,A,,A,,A,,A,,A
20172,03643851,10,0,1,175,D,100,D,,A,,A,,A,,A,,A,,A,,A,,A,,A,,A
20172,03646551,12,0,1,200,D,30,D,,A,,A,,A,,A,,A,,A,,A,,A,,A,,A
20172,03646941,23,0,1,300,D,200,D,,A,,A,,A,,A,,A,,A,,A,,A,,A,,A
20172,03648061,4,0,1,140,D,150,D,,A,,A,,A,,A,,A,,A,,A,,A,,A,,A
20172,03648701,18,0,1,235,D,877,D,,A,,A,,A,,A,,A,,A,,A,,A,,A,,A
20172,03649461,7,0,1,140,D,85,D,,A,,A,,A,,A,,A,,A,,A,,A,,A,,A
20172,03649641,4,0,1,235,D,150,F,,A,,A,,A,,A,,A,,A,,A,,A,,A,,A
20172,03650101,7,0,1,,A,,A,30,D,,A,,A,,A,,A,,A,,A,,A,,A,,A
20172,03650141,2,0,1,110,D,2000,D,,A,,A,,A,,A,,A,,A,,A,,A,,A,,A
20172,03650241,10,0,1,270,D,60,D,,A,,A,,A,,A,,A,,A,,A,,A,,A,,A
20172,03651241,5,0,1,,A,,A,300,D,,A,,A,,A,,A,,A,,A,,A,,A,,A
20172,03651331,2,0,1,200,D,10,D,,A,,A,,A,,A,,A,,A,,A,,A,,A,,A
20172,03651841,3,0,1,140,D,520,D,,A,,A,,A,,A,,A,,A,,A,,A,,A,,A
20172,03653561,21,0,1,300,D,297,D,,A,,A,,A,,A,,A,,A,,A,,A,,A,,A
20172,03654231,4,0,1,150,D,150,D,,A,,A,,A,,A,,A,,A,,A,,A,,A,,A
20172,03656031,6,0,1,300,D,75,D,,A,,A,,A,,A,,A,,A,,A,,A,,A,,A
20172,03656331,4,0,1,270,D,58,D,,A,,A,,A,,A,,A,,A,,A,,A,,A,,A
20172,03657061,19,0,1,,A,,A,200,D,,A,,A,,A,,A,,A,,A,,A,,A,,A
20172,03657191,9,0,1,235,D,50,D,,A,,A,,A,,A,,A,,A,,A,,A,,A,,A
20172,03657411,6,0,1,130,D,500,D,,A,,A,,A,,A,,A,,A,,A,,A,,A,,A
20172,03657441,7,0,1,130,D,700,D,,A,,A,,A,,A,,A,,A,,A,,A,,A,,A
20172,03658331,8,0,1,,A,,A,300,D,,A,,A,,A,,A,,A,,A,,A,,A,,A
20172,03658811,3,0,1,,A,,A,50,D,,A,,A,,A,,A,,A,,A,,A,,A,,A
20172,03659061,5,0,1,,A,,A,150,D,,A,,A,,A,,A,,A,,A,,A,,A,,A
20172,03660011,18,0,1,210,D,1300,D,500,D,,A,,A,,A,,A,,A,,A,,A,,A,,A
20172,03660131,9,0,1,,A,,A,100,D,,A,,A,,A,,A,,A,,A,,A,,A,,A
20172,03660321,28,0,1,175,D,90,D,,A,,A,,A,,A,,A,,A,,A,,A,,A,,A
20172,03662151,12,0,1,130,D,1000,D,100,D,,A,,A,,A,,A,,A,,A,,A,,A,,A
20172,03663541,4,0,1,175,D,300,D,100,D,,A,,A,,A,,A,,A,,A,,A,,A,,A
20172,03663791,16,0,1,140,D,200,D,,A,,A,,A,,A,,A,,A,,A,,A,,A,,A
20172,03664691,7,0,1,175,D,400,D,,A,,A,,A,,A,,A,,A,,A,,A,,A,,A
20172,03664851,11,0,1,,A,,A,20,D,,A,,A,,A,,A,,A,,A,,A,,A,,A
20172,03665571,1,0,1,,A,,A,10,D,,A,,A,,A,,A,,A,,A,,A,,A,,A
20172,03665741,7,0,1,200,D,50,D,,A,,A,,A,,A,,A,,A,,A,,A,,A,,A
20172,03666301,8,0,1,130,D,100,D,200,D,,A,,A,,A,,A,,A,,A,,A,,A,,A
20172,03666441,9,0,1,130,D,150,D,,A,,A,,A,,A,,A,,A,,A,,A,,A,,A
20172,03666521,9,0,1,140,D,200,D,,A,,A,,A,,A,,A,,A,,A,,A,,A,,A
20172,03667121,1,0,1,130,D,1400,D,,A,,A,,A,,A,,A,,A,,A,,A,,A,,A
20172,03667651,4,0,1,310,D,,H,,A,310,D,290,D,,A,,A,,A,,A,,A,,A,,A
20172,03667651,4,1,1,175,D,5,E,,A,,A,,A,,A,,A,,A,,A,,A,,A,,A
20172,03667651,4,2,1,300,D,45,E,,A,,A,,A,,A,,A,,A,,A,,A,,A,,A
20172,03667761,1,0,1,300,D,300,D,,A,,A,,A,,A,,A,,A,,A,,A,,A,,A
20172,03668051,4,0,1,300,D,1000,D,,A,,A,,A,,A,,A,,A,,A,,A,,A,,A
20172,03668471,5,0,1,280,D,75,D,,A,,A,,A,,A,,A,,A,,A,,A,,A,,A
20172,03669201,14,0,1,,A,,A,50,D,,A,,A,,A,,A,,A,,A,,A,,A,,A
20172,03671121,6,0,1,130,D,3400,D,,A,,A,,A,,A,,A,,A,,A,,A,,A,,A
20173,03503564,5,0,1,300,D,210,D,98,D,,A,,A,,A,,A,,A,,A,,A,,A,,A
20173,03503804,10,0,1,280,D,1536,D,,A,,A,,A,,A,,A,,A,,A,,A,,A,,A
20173,03504524,13,0,1,300,D,100,D,,A,,A,,A,,A,,A,,A,,A,,A,,A,,A
20173,03505144,4,0,1,,A,,A,400,D,,A,,A,,A,,A,,A,,A,,A,,A,,A
20173,03507604,4,0,1,300,D,1300,D,,A,,A,,A,,A,,A,,A,,A,,A,,A,,A
20173,03508334,2,0,1,220,D,190,D,,A,,A,,A,,A,,A,,A,,A,,A,,A,,A
20173,03508704,10,0,1,310,D,,H,,A,310,D,300,D,,A,,A,,A,,A,,A,,A,,A
20173,03508704,10,1,1,140,D,54,E,,A,,A,,A,,A,,A,,A,,A,,A,,A,,A
20173,03508704,10,2,1,160,D,121,E,,A,,A,,A,,A,,A,,A,,A,,A,,A,,A
20173,03508704,10,3,1,175,D,86,E,,A,,A,,A,,A,,A,,A,,A,,A,,A,,A
20173,03508704,10,4,1,210,D,57,E,,A,,A,,A,,A,,A,,A,,A,,A,,A,,A
20173,03508704,10,5,1,300,D,232,E,,A,,A,,A,,A,,A,,A,,A,,A,,A,,A
20173,03509194,4,0,1,270,D,200,D,,A,,A,,A,,A,,A,,A,,A,,A,,A,,A
20173,03509474,7,0,1,300,D,55,D,,A,,A,,A,,A,,A,,A,,A,,A,,A,,A
20173,03510504,3,0,1,,A,,A,20,D,,A,,A,,A,,A,,A,,A,,A,,A,,A
20173,03511354,10,0,1,,A,,A,45,D,,A,,A,,A,,A,,A,,A,,A,,A,,A
20173,03512534,5,0,1,290,D,52,D,,A,,A,,A,,A,,A,,A,,A,,A,,A,,A
20173,03512964,14,0,1,,A,,A,19,D,,A,,A,,A,,A,,A,,A,,A,,A,,A
20173,03524104,10,0,1,130,D,1391,D,90,D,,A,,A,,A,,A,,A,,A,,A,,A,,A
20173,03524434,13,0,1,,A,,A,119,D,,A,,A,,A,,A,,A,,A,,A,,A,,A
20173,03525174,6,0,1,300,D,200,D,,A,,A,,A,,A,,A,,A,,A,,A,,A,,A
20173,03525824,3,0,1,310,D,,H,,A,210,D,175,D,,A,,A,,A,,A,,A,,A,,A
20173,03525824,3,1,1,175,E,591,E,,A,,A,,A,,A,,A,,A,,A,,A,,A,,A
20173,03525824,3,2,1,110,E,125,E,,A,,A,,A,,A,,A,,A,,A,,A,,A,,A
20173,03527384,4,0,1,175,D,30,D,,A,,A,,A,,A,,A,,A,,A,,A,,A,,A
20173,03528094,7,0,1,,A,,A,26,D,,A,,A,,A,,A,,A,,A,,A,,A,,A
20173,03529534,9,0,1,175,D,22,D,,A,,A,,A,,A,,A,,A,,A,,A,,A,,A
20173,03530564,3,0,1,260,D,300,D,,A,,A,,A,,A,,A,,A,,A,,A,,A,,A
20173,03530814,3,0,1,130,D,1000,D,,A,,A,,A,,A,,A,,A,,A,,A,,A,,A
20173,03530914,9,0,1,300,D,24,D,,A,,A,,A,,A,,A,,A,,A,,A,,A,,A
20173,03532184,10,0,1,175,D,750,D,200,D,,A,,A,,A,,A,,A,,A,,A,,A,,A
20173,03532444,7,0,1,140,D,100,D,,A,,A,,A,,A,,A,,A,,A,,A,,A,,A
20173,03532544,23,0,1,,A,,A,30,D,,A,,A,,A,,A,,A,,A,,A,,A,,A
20173,03532704,6,0,1,300,D,450,D,200,D,,A,,A,,A,,A,,A,,A,,A,,A,,A
20173,03532814,4,0,1,175,D,40,D,,A,,A,,A,,A,,A,,A,,A,,A,,A,,A
20173,03533804,3,0,1,235,D,62,D,,A,,A,,A,,A,,A,,A,,A,,A,,A,,A
20173,03534274,12,0,1,300,D,400,D,,A,,A,,A,,A,,A,,A,,A,,A,,A,,A
20173,03534334,8,0,1,300,D,200,D,,A,,A,,A,,A,,A,,A,,A,,A,,A,,A
20173,03546074,12,0,1,,A,,A,150,D,,A,,A,,A,,A,,A,,A,,A,,A,,A
20173,03546094,6,0,1,130,D,1000,D,,A,,A,,A,,A,,A,,A,,A,,A,,A,,A
20173,03546744,3,0,1,300,D,1000,D,,A,,A,,A,,A,,A,,A,,A,,A,,A,,A
20173,03547064,21,0,1,140,D,47,D,,A,,A,,A,,A,,A,,A,,A,,A,,A,,A
20173,03547624,4,0,1,,A,,A,40,D,,A,,A,,A,,A,,A,,A,,A,,A,,A
20173,03549434,1,0,1,,A,,A,200,D,,A,,A,,A,,A,,A,,A,,A,,A,,A
20173,03549744,8,0,1,260,D,162,D,,A,,A,,A,,A,,A,,A,,A,,A,,A,,A
20173,03549944,2,0,1,300,D,15,D,,A,,A,,A,,A,,A,,A,,A,,A,,A,,A
20173,03550824,3,0,1,130,D,36,D,,A,,A,,A,,A,,A,,A,,A,,A,,A,,A
20173,03552134,7,0,1,175,D,20,D,,A,,A,,A,,A,,A,,A,,A,,A,,A,,A
20173,03552704,4,0,1,175,D,45,D,,A,,A,,A,,A,,A,,A,,A,,A,,A,,A
20173,03552814,1,0,1,300,D,10,D,,A,,A,,A,,A,,A,,A,,A,,A,,A,,A
20173,03554624,9,0,1,,A,,A,50,D,,A,,A,,A,,A,,A,,A,,A,,A,,A
20173,03554894,22,0,1,175,D,15,D,,A,,A,,A,,A,,A,,A,,A,,A,,A,,A
20173,03569273,4,0,1,260,D,300,D,,A,,A,,A,,A,,A,,A,,A,,A,,A,,A
20173,03569803,14,0,1,,A,,A,120,D,,A,,A,,A,,A,,A,,A,,A,,A,,A
20173,03569963,12,0,1,130,D,1000,D,,A,,A,,A,,A,,A,,A,,A,,A,,A,,A
20173,03570523,4,0,1,160,D,120,D,,A,,A,,A,,A,,A,,A,,A,,A,,A,,A
20173,03570583,18,0,1,280,D,300,D,,A,,A,,A,,A,,A,,A,,A,,A,,A,,A
20173,03570713,9,0,1,,A,,A,60,D,,A,,A,,A,,A,,A,,A,,A,,A,,A
20173,03571623,2,0,1,300,D,30,D,,A,,A,,A,,A,,A,,A,,A,,A,,A,,A
20173,03572563,29,0,1,,A,,A,564,D,,A,,A,,A,,A,,A,,A,,A,,A,,A
20173,03572773,1,0,1,300,D,250,D,,A,,A,,A,,A,,A,,A,,A,,A,,A,,A
20173,03574753,11,0,1,200,D,40,D,,A,,A,,A,,A,,A,,A,,A,,A,,A,,A
20173,03575553,1,0,1,,A,,A,100,D,,A,,A,,A,,A,,A,,A,,A,,A,,A
20173,03575813,3,0,1,175,D,30,D,,A,,A,,A,,A,,A,,A,,A,,A,,A,,A
20173,03575913,9,0,1,,A,,A,27,D,,A,,A,,A,,A,,A,,A,,A,,A,,A
20173,03576023,8,0,1,130,D,80,D,,A,,A,,A,,A,,A,,A,,A,,A,,A,,A
20173,03576793,1,0,1,310,D,,H,,A,310,D,300,D,,A,,A,,A,,A,,A,,A,,A
20173,03576793,1,1,1,220,D,12,E,,A,,A,,A,,A,,A,,A,,A,,A,,A,,A
20173,03576793,1,2,1,300,D,88,E,,A,,A,,A,,A,,A,,A,,A,,A,,A,,A
20173,03588733,6,0,1,280,D,200,D,,A,,A,,A,,A,,A,,A,,A,,A,,A,,A
20173,03589683,6,0,1,300,D,100,D,,A,,A,,A,,A,,A,,A,,A,,A,,A,,A
20173,03589903,7,0,1,,A,,A,80,D,,A,,A,,A,,A,,A,,A,,A,,A,,A
20173,03590043,6,0,1,160,D,200,D,,A,,A,,A,,A,,A,,A,,A,,A,,A,,A
20173,03590703,12,0,1,140,D,75,D,,A,,A,,A,,A,,A,,A,,A,,A,,A,,A
20173,03591733,6,0,1,130,D,685,D,,A,,A,,A,,A,,A,,A,,A,,A,,A,,A
20173,03591893,19,0,1,300,D,200,D,,A,,A,,A,,A,,A,,A,,A,,A,,A,,A
20173,03592103,4,0,1,280,D,1000,D,,A,,A,,A,,A,,A,,A,,A,,A,,A,,A
20173,03593613,10,0,1,,A,,A,10,D,,A,,A,,A,,A,,A,,A,,A,,A,,A
20173,03594003,3,0,1,,A,,A,10,D,,A,,A,,A,,A,,A,,A,,A,,A,,A
20173,03594623,2,0,1,160,D,120,F,,A,,A,,A,,A,,A,,A,,A,,A,,A,,A
20173,03594933,1,0,1,235,D,4500,D,,A,,A,,A,,A,,A,,A,,A,,A,,A,,A
20173,03595243,7,0,1,300,D,25,D,,A,,A,,A,,A,,A,,A,,A,,A,,A,,A
20173,03596363,4,0,1,210,D,50,D,,A,,A,,A,,A,,A,,A,,A,,A,,A,,A
20173,03597933,5,0,1,,A,,A,30,D,,A,,A,,A,,A,,A,,A,,A,,A,,A
20173,03601923,13,0,1,175,D,150,D,,A,,A,,A,,A,,A,,A,,A,,A,,A,,A
20173,03602263,9,0,1,300,D,300,D,,A,,A,,A,,A,,A,,A,,A,,A,,A,,A
20173,03602453,6,0,1,300,D,500,D,,A,,A,,A,,A,,A,,A,,A,,A,,A,,A
20173,03603533,20,0,1,140,D,100,D,17,D,,A,,A,,A,,A,,A,,A,,A,,A,,A
20173,03604883,14,0,1,,A,,A,700,D,,A,,A,,A,,A,,A,,A,,A,,A,,A
20173,03605783,8,0,1,140,D,20,D,,A,,A,,A,,A,,A,,A,,A,,A,,A,,A
20173,03606383,16,0,1,,A,,A,100,D,,A,,A,,A,,A,,A,,A,,A,,A,,A
20173,03606673,3,0,1,175,D,200,D,,A,,A,,A,,A,,A,,A,,A,,A,,A,,A
20173,03606833,3,0,1,190,D,850,D,,A,,A,,A,,A,,A,,A,,A,,A,,A,,A
20173,03607363,15,0,1,,A,,A,220,D,,A,,A,,A,,A,,A,,A,,A,,A,,A
20173,03640062,6,0,1,,A,,A,95,D,,A,,A,,A,,A,,A,,A,,A,,A,,A
20173,03641242,2,0,1,175,D,420,D,,A,,A,,A,,A,,A,,A,,A,,A,,A,,A
20173,03641492,1,0,1,,A,,A,48,D,,A,,A,,A,,A,,A,,A,,A,,A,,A
20173,03641682,2,0,1,300,D,140,D,,A,,A,,A,,A,,A,,A,,A,,A,,A,,A
20173,03641872,35,0,1,300,D,51,D,,A,,A,,A,,A,,A,,A,,A,,A,,A,,A
20173,03642252,3,0,1,,A,,A,120,D,,A,,A,,A,,A,,A,,A,,A,,A,,A
20173,03642502,11,0,1,140,D,75,D,,A,,A,,A,,A,,A,,A,,A,,A,,A,,A
20173,03643802,5,0,1,130,D,150,D,,A,,A,,A,,A,,A,,A,,A,,A,,A,,A
20173,03644342,3,0,1,175,D,50,D,,A,,A,,A,,A,,A,,A,,A,,A,,A,,A
20173,03645262,8,0,1,300,D,1000,D,,A,,A,,A,,A,,A,,A,,A,,A,,A,,A
20173,03647462,6,0,1,,A,,A,50,D,,A,,A,,A,,A,,A,,A,,A,,A,,A
20173,03647912,1,0,1,,A,,A,480,D,,A,,A,,A,,A,,A,,A,,A,,A,,A
20173,03648562,4,0,1,,A,,A,100,D,,A,,A,,A,,A,,A,,A,,A,,A,,A
20173,03648942,13,0,1,210,D,283,D,,A,,A,,A,,A,,A,,A,,A,,A,,A,,A
20173,03649172,5,0,1,175,D,30,D,,A,,A,,A,,A,,A,,A,,A,,A,,A,,A
20173,03650022,9,0,1,,A,,A,13,D,,A,,A,,A,,A,,A,,A,,A,,A,,A
20173,03651652,3,0,1,190,D,1000,D,,A,,A,,A,,A,,A,,A,,A,,A,,A,,A
20173,03652222,8,0,1,300,D,1200,D,,A,,A,,A,,A,,A,,A,,A,,A,,A,,A
20173,03652982,9,0,1,160,D,190,D,,A,,A,,A,,A,,A,,A,,A,,A,,A,,A
20173,03653842,4,0,1,,A,,A,87,D,,A,,A,,A,,A,,A,,A,,A,,A,,A
20173,03654602,12,0,1,210,D,70,D,,A,,A,,A,,A,,A,,A,,A,,A,,A,,A
20173,03655372,9,0,1,130,D,223,D,,A,,A,,A,,A,,A,,A,,A,,A,,A,,A
20173,03655602,7,0,1,300,D,400,D,,A,,A,,A,,A,,A,,A,,A,,A,,A,,A
20173,03656332,10,0,1,270,D,68,D,,A,,A,,A,,A,,A,,A,,A,,A,,A,,A
20173,03656882,3,0,1,300,D,20,D,,A,,A,,A,,A,,A,,A,,A,,A,,A,,A
20173,03657922,16,0,1,,A,,A,10,D,,A,,A,,A,,A,,A,,A,,A,,A,,A
20173,03658102,10,0,1,290,D,700,D,,A,,A,,A,,A,,A,,A,,A,,A,,A,,A
20173,03659113,17,0,1,175,D,40,D,,A,,A,,A,,A,,A,,A,,A,,A,,A,,A
20173,03660012,18,0,1,175,D,200,D,150,D,,A,,A,,A,,A,,A,,A,,A,,A,,A
20173,03660132,10,0,1,,A,,A,250,D,,A,,A,,A,,A,,A,,A,,A,,A,,A
20173,03660282,8,0,1,,A,,A,30,D,,A,,A,,A,,A,,A,,A,,A,,A,,A
20173,03660642,6,0,1,175,D,80,D,,A,,A,,A,,A,,A,,A,,A,,A,,A,,A
20173,03662142,2,0,1,175,D,85,D,,A,,A,,A,,A,,A,,A,,A,,A,,A,,A
20173,03662352,14,0,1,175,D,150,D,,A,,A,,A,,A,,A,,A,,A,,A,,A,,A
20173,03663342,16,0,1,175,D,100,D,,A,,A,,A,,A,,A,,A,,A,,A,,A,,A
20173,03663622,2,0,1,175,D,75,D,,A,,A,,A,,A,,A,,A,,A,,A,,A,,A
20173,03664332,2,0,1,220,D,18,D,,A,,A,,A,,A,,A,,A,,A,,A,,A,,A
20173,03664402,6,0,1,280,D,110,D,,A,,A,,A,,A,,A,,A,,A,,A,,A,,A
20173,03666322,8,0,1,130,D,600,D,,A,,A,,A,,A,,A,,A,,A,,A,,A,,A
20173,03666872,2,0,1,300,D,1700,D,,A,,A,,A,,A,,A,,A,,A,,A,,A,,A
20173,03668492,9,0,1,130,D,10583,T,,A,,A,,A,,A,,A,,A,,A,,A,,A,,A
20173,03668922,3,0,1,175,D,17,D,,A,,A,,A,,A,,A,,A,,A,,A,,A,,A
20173,03669052,3,0,1,220,D,89,D,,A,,A,,A,,A,,A,,A,,A,,A,,A,,A
20173,03670752,14,0,1,,A,,A,20,D,,A,,A,,A,,A,,A,,A,,A,,A,,A
20173,03670812,3,0,1,300,D,200,D,,A,,A,,A,,A,,A,,A,,A,,A,,A,,A
20173,03692353,6,0,1,140,D,280,D,200,D,,A,,A,,A,,A,,A,,A,,A,,A,,A
20173,03692353,995,0,1,300,D,520,D,200,D,,A,,A,,A,,A,,A,,A,,A,,A,,A
20173,03692731,8,0,1,300,D,29,D,,A,,A,,A,,A,,A,,A,,A,,A,,A,,A
20173,03693761,1,0,1,110,D,3000,D,,A,,A,,A,,A,,A,,A,,A,,A,,A,,A
20173,03694091,16,0,1,140,D,425,D,250,D,,A,,A,,A,,A,,A,,A,,A,,A,,A
20173,03694291,15,0,1,160,D,105,D,85,D,,A,,A,,A,,A,,A,,A,,A,,A,,A
20173,03694971,3,0,1,140,D,60,D,,A,,A,,A,,A,,A,,A,,A,,A,,A,,A
20173,03694991,6,0,1,,A,,A,460,D,,A,,A,,A,,A,,A,,A,,A,,A,,A
20173,03695101,1,0,1,280,D,135,D,,A,,A,,A,,A,,A,,A,,A,,A,,A,,A
20173,03695241,11,0,1,140,D,1,D,,A,,A,,A,,A,,A,,A,,A,,A,,A,,A
20173,03696431,23,0,1,130,D,1800,D,,A,,A,,A,,A,,A,,A,,A,,A,,A,,A
20173,03697551,16,0,1,130,D,500,D,,A,,A,,A,,A,,A,,A,,A,,A,,A,,A
20173,03698271,5,0,1,175,D,130,D,,A,,A,,A,,A,,A,,A,,A,,A,,A,,A
20173,03698651,2,0,1,210,D,75,D,,A,,A,,A,,A,,A,,A,,A,,A,,A,,A
20173,03699011,4,0,1,175,D,40,D,,A,,A,,A,,A,,A,,A,,A,,A,,A,,A
20173,03699701,15,0,1,175,D,75,D,,A,,A,,A,,A,,A,,A,,A,,A,,A,,A
20173,03700402,7,0,1,150,D,1000,D,,A,,A,,A,,A,,A,,A,,A,,A,,A,,A
20173,03701941,7,0,1,,A,,A,400,D,,A,,A,,A,,A,,A,,A,,A,,A,,A
20173,03713101,6,0,1,140,D,650,D,,A,,A,,A,,A,,A,,A,,A,,A,,A,,A
20173,03713301,14,0,1,175,D,150,D,,A,,A,,A,,A,,A,,A,,A,,A,,A,,A
20173,03713941,6,0,1,300,D,100,D,,A,,A,,A,,A,,A,,A,,A,,A,,A,,A
20173,03714371,12,0,1,300,D,25,D,,A,,A,,A,,A,,A,,A,,A,,A,,A,,A
20173,03714691,6,0,1,175,D,3000,D,,A,,A,,A,,A,,A,,A,,A,,A,,A,,A
20173,03715101,2,0,1,,A,,A,250,D,,A,,A,,A,,A,,A,,A,,A,,A,,A
20173,03715331,3,0,1,,A,,A,200,D,,A,,A,,A,,A,,A,,A,,A,,A,,A
20173,03715741,1,0,1,130,D,200,D,,A,,A,,A,,A,,A,,A,,A,,A,,A,,A
20173,03716721,2,0,1,,A,,A,380,D,,A,,A,,A,,A,,A,,A,,A,,A,,A
20173,03717281,13,0,1,175,D,85,D,,A,,A,,A,,A,,A,,A,,A,,A,,A,,A
20173,03717641,8,0,1,,A,,A,60,D,,A,,A,,A,,A,,A,,A,,A,,A,,A
20173,03718051,2,0,1,,A,,A,250,D,,A,,A,,A,,A,,A,,A,,A,,A,,A
20173,03719651,4,0,1,175,D,185,D,,A,,A,,A,,A,,A,,A,,A,,A,,A,,A
20173,03719721,1,0,1,300,D,300,D,,A,,A,,A,,A,,A,,A,,A,,A,,A,,A
20173,03719821,10,0,1,,A,,A,80,F,,A,,A,,A,,A,,A,,A,,A,,A,,A
20173,03720721,9,0,1,140,D,45,D,,A,,A,,A,,A,,A,,A,,A,,A,,A,,A
20173,03720931,1,0,1,300,D,300,D,,A,,A,,A,,A,,A,,A,,A,,A,,A,,A
20173,03721011,4,0,1,200,D,75,D,,A,,A,,A,,A,,A,,A,,A,,A,,A,,A
20173,03721341,2,0,1,,A,,A,350,D,,A,,A,,A,,A,,A,,A,,A,,A,,A
20173,03721831,6,0,1,175,D,3,D,,A,,A,,A,,A,,A,,A,,A,,A,,A,,A
20173,03721861,7,0,1,,A,,A,200,D,,A,,A,,A,,A,,A,,A,,A,,A,,A
20173,03722561,12,0,1,140,D,100,D,,A,,A,,A,,A,,A,,A,,A,,A,,A,,A
20173,03723321,5,0,1,140,D,60,F,,A,,A,,A,,A,,A,,A,,A,,A,,A,,A
20173,03723751,20,0,1,160,D,150,D,,A,,A,,A,,A,,A,,A,,A,,A,,A,,A
20173,03734211,5,0,1,120,D,600,D,,A,,A,,A,,A,,A,,A,,A,,A,,A,,A
20173,03734871,6,0,1,300,D,300,D,,A,,A,,A,,A,,A,,A,,A,,A,,A,,A
20173,03735211,9,0,1,175,D,35,D,,A,,A,,A,,A,,A,,A,,A,,A,,A,,A
20173,03735671,6,0,1,,A,,A,150,D,,A,,A,,A,,A,,A,,A,,A,,A,,A
20173,03737121,7,0,1,270,D,200,D,,A,,A,,A,,A,,A,,A,,A,,A,,A,,A
20173,03737321,6,0,1,300,D,700,D,,A,,A,,A,,A,,A,,A,,A,,A,,A,,A
20173,03737771,2,0,1,300,D,2000,D,,A,,A,,A,,A,,A,,A,,A,,A,,A,,A
20173,03738671,5,0,1,,A,,A,300,D,,A,,A,,A,,A,,A,,A,,A,,A,,A
20173,03738881,14,0,1,300,D,2000,D,2000,D,,A,,A,,A,,A,,A,,A,,A,,A,,A
20173,03739351,21,0,1,140,D,800,D,,A,,A,,A,,A,,A,,A,,A,,A,,A,,A
20173,03739821,3,0,1,300,D,600,D,800,D,,A,,A,,A,,A,,A,,A,,A,,A,,A
20173,03740731,30,0,1,175,D,30,D,,A,,A,,A,,A,,A,,A,,A,,A,,A,,A
20173,03741511,12,0,1,160,D,5,D,,A,,A,,A,,A,,A,,A,,A,,A,,A,,A
20173,03743881,7,0,1,175,D,30,D,,A,,A,,A,,A,,A,,A,,A,,A,,A,,A
20173,03744501,7,0,1,300,D,3000,D,,A,,A,,A,,A,,A,,A,,A,,A,,A,,A
20174,03567484,14,0,1,,A,,A,100,D,,A,,A,,A,,A,,A,,A,,A,,A,,A
20174,03568404,3,0,1,,A,,A,240,D,,A,,A,,A,,A,,A,,A,,A,,A,,A
20174,03568774,8,0,1,,A,,A,27,D,,A,,A,,A,,A,,A,,A,,A,,A,,A
20174,03569014,13,0,1,300,D,250,D,,A,,A,,A,,A,,A,,A,,A,,A,,A,,A
20174,03569724,2,0,1,130,D,200,D,,A,,A,,A,,A,,A,,A,,A,,A,,A,,A
20174,03571084,6,0,1,,A,,A,100,D,,A,,A,,A,,A,,A,,A,,A,,A,,A
20174,03573134,7,0,1,,A,,A,75,D,,A,,A,,A,,A,,A,,A,,A,,A,,A
20174,03573654,4,0,1,300,D,20,D,,A,,A,,A,,A,,A,,A,,A,,A,,A,,A
20174,03573764,16,0,1,175,D,150,D,250,D,,A,,A,,A,,A,,A,,A,,A,,A,,A
20174,03575814,3,0,1,,A,,A,100,D,,A,,A,,A,,A,,A,,A,,A,,A,,A
20174,03575924,18,0,1,,A,,A,44,D,,A,,A,,A,,A,,A,,A,,A,,A,,A
20174,03576034,9,0,1,300,D,750,D,,A,,A,,A,,A,,A,,A,,A,,A,,A,,A
20174,03576864,5,0,1,130,D,75,D,,A,,A,,A,,A,,A,,A,,A,,A,,A,,A
20174,03587934,10,0,1,175,D,58,D,,A,,A,,A,,A,,A,,A,,A,,A,,A,,A
20174,03588664,13,0,1,235,D,400,D,,A,,A,,A,,A,,A,,A,,A,,A,,A,,A
20174,03590974,2,0,1,130,D,500,D,,A,,A,,A,,A,,A,,A,,A,,A,,A,,A
20174,03591144,20,0,1,175,D,76,D,,A,,A,,A,,A,,A,,A,,A,,A,,A,,A
20174,03591154,10,0,1,,A,,A,200,D,,A,,A,,A,,A,,A,,A,,A,,A,,A
20174,03591424,10,0,1,,A,,A,400,D,,A,,A,,A,,A,,A,,A,,A,,A,,A
20174,03591974,4,0,1,300,D,375,D,,A,,A,,A,,A,,A,,A,,A,,A,,A,,A
20174,03592624,15,0,1,,A,,A,200,D,,A,,A,,A,,A,,A,,A,,A,,A,,A
20174,03593674,7,0,1,260,D,140,D,,A,,A,,A,,A,,A,,A,,A,,A,,A,,A
20174,03594114,7,0,1,,A,,A,150,D,,A,,A,,A,,A,,A,,A,,A,,A,,A
20174,03594294,995,0,1,190,D,735,D,,A,,A,,A,,A,,A,,A,,A,,A,,A,,A
20174,03594294,12,0,1,175,D,765,D,,A,,A,,A,,A,,A,,A,,A,,A,,A,,A
20174,03595584,5,0,1,190,D,15,D,,A,,A,,A,,A,,A,,A,,A,,A,,A,,A
20174,03596324,7,0,1,130,D,2800,D,,A,,A,,A,,A,,A,,A,,A,,A,,A,,A
20174,03596964,3,0,1,300,D,50,D,,A,,A,,A,,A,,A,,A,,A,,A,,A,,A
20174,03597074,7,0,1,200,D,130,D,,A,,A,,A,,A,,A,,A,,A,,A,,A,,A
20174,03597414,20,0,1,175,D,56,D,,A,,A,,A,,A,,A,,A,,A,,A,,A,,A
20174,03598314,2,0,1,,A,,A,14,D,,A,,A,,A,,A,,A,,A,,A,,A,,A
20174,03599154,3,0,1,300,D,645,D,,A,,A,,A,,A,,A,,A,,A,,A,,A,,A
20174,03599644,6,0,1,,A,,A,40,D,,A,,A,,A,,A,,A,,A,,A,,A,,A
20174,03600344,8,0,1,175,D,125,D,,A,,A,,A,,A,,A,,A,,A,,A,,A,,A
20174,03601924,9,0,1,,A,,A,215,D,,A,,A,,A,,A,,A,,A,,A,,A,,A
20174,03602014,8,0,1,300,D,85,D,,A,,A,,A,,A,,A,,A,,A,,A,,A,,A
20174,03602534,7,0,1,300,D,17,D,,A,,A,,A,,A,,A,,A,,A,,A,,A,,A
20174,03602794,5,0,1,,A,,A,15,D,,A,,A,,A,,A,,A,,A,,A,,A,,A
20174,03604544,6,0,1,,A,,A,300,D,,A,,A,,A,,A,,A,,A,,A,,A,,A
20174,03604924,5,0,1,210,D,30,D,,A,,A,,A,,A,,A,,A,,A,,A,,A,,A
20174,03605224,8,0,1,300,D,16,D,,A,,A,,A,,A,,A,,A,,A,,A,,A,,A
20174,03607914,9,0,1,,A,,A,200,D,,A,,A,,A,,A,,A,,A,,A,,A,,A
20174,03608054,9,0,1,,A,,A,400,D,,A,,A,,A,,A,,A,,A,,A,,A,,A
20174,03641283,13,0,1,300,D,80,D,,A,,A,,A,,A,,A,,A,,A,,A,,A,,A
20174,03641493,4,0,1,,A,,A,8,D,,A,,A,,A,,A,,A,,A,,A,,A,,A
20174,03642253,6,0,1,,A,,A,200,D,,A,,A,,A,,A,,A,,A,,A,,A,,A
20174,03643803,7,0,1,,A,,A,10,D,,A,,A,,A,,A,,A,,A,,A,,A,,A
20174,03644383,8,0,1,260,D,300,D,,A,,A,,A,,A,,A,,A,,A,,A,,A,,A
20174,03645843,8,0,1,260,D,4500,D,,A,,A,,A,,A,,A,,A,,A,,A,,A,,A
20174,03646383,7,0,1,,A,,A,3,D,,A,,A,,A,,A,,A,,A,,A,,A,,A
20174,03647933,6,0,1,200,D,500,D,,A,,A,,A,,A,,A,,A,,A,,A,,A,,A
20174,03649773,8,0,1,300,D,300,D,,A,,A,,A,,A,,A,,A,,A,,A,,A,,A
20174,03652833,5,0,1,130,D,2800,F,,A,,A,,A,,A,,A,,A,,A,,A,,A,,A
20174,03653633,7,0,1,,A,,A,150,D,,A,,A,,A,,A,,A,,A,,A,,A,,A
20174,03654283,8,0,1,,A,,A,100,D,,A,,A,,A,,A,,A,,A,,A,,A,,A
20174,03654533,13,0,1,,A,,A,80,D,,A,,A,,A,,A,,A,,A,,A,,A,,A
20174,03655783,7,0,1,,A,,A,30,D,,A,,A,,A,,A,,A,,A,,A,,A,,A
20174,03656033,9,0,1,200,D,125,D,,A,,A,,A,,A,,A,,A,,A,,A,,A,,A
20174,03656143,9,0,1,,A,,A,30,D,,A,,A,,A,,A,,A,,A,,A,,A,,A
20174,03656333,5,0,1,270,D,64,D,100,D,,A,,A,,A,,A,,A,,A,,A,,A,,A
20174,03657923,19,0,1,,A,,A,50,D,,A,,A,,A,,A,,A,,A,,A,,A,,A
20174,03659513,11,0,1,175,D,150,D,,A,,A,,A,,A,,A,,A,,A,,A,,A,,A
20174,03660643,5,0,1,175,D,75,D,,A,,A,,A,,A,,A,,A,,A,,A,,A,,A
20174,03662323,14,0,1,280,D,200,D,,A,,A,,A,,A,,A,,A,,A,,A,,A,,A
20174,03663543,9,0,1,130,D,190,D,,A,,A,,A,,A,,A,,A,,A,,A,,A,,A
20174,03664133,10,0,1,280,D,800,D,,A,,A,,A,,A,,A,,A,,A,,A,,A,,A
20174,03664873,3,0,1,175,D,500,D,,A,,A,,A,,A,,A,,A,,A,,A,,A,,A
20174,03666203,24,0,1,300,D,40,D,,A,,A,,A,,A,,A,,A,,A,,A,,A,,A
20174,03666693,3,0,1,300,D,500,D,,A,,A,,A,,A,,A,,A,,A,,A,,A,,A
20174,03667883,14,0,1,235,D,30,D,,A,,A,,A,,A,,A,,A,,A,,A,,A,,A
20174,03668053,8,0,1,235,D,1000,D,550,D,,A,,A,,A,,A,,A,,A,,A,,A,,A
20174,03670093,3,0,1,300,D,936,D,,A,,A,,A,,A,,A,,A,,A,,A,,A,,A
20174,03695972,3,0,1,300,D,160,D,,A,,A,,A,,A,,A,,A,,A,,A,,A,,A
20174,03697552,13,0,1,120,D,500,D,,A,,A,,A,,A,,A,,A,,A,,A,,A,,A
20174,03697672,10,0,1,,A,,A,12,D,,A,,A,,A,,A,,A,,A,,A,,A,,A
20174,03698272,10,0,1,100,D,310,D,,A,,A,,A,,A,,A,,A,,A,,A,,A,,A
20174,03698352,11,0,1,235,D,200,D,,A,,A,,A,,A,,A,,A,,A,,A,,A,,A
20174,03699702,13,0,1,175,D,35,D,,A,,A,,A,,A,,A,,A,,A,,A,,A,,A
20174,03699842,8,0,1,260,D,170,D,,A,,A,,A,,A,,A,,A,,A,,A,,A,,A
20174,03700482,5,0,1,,A,,A,100,D,,A,,A,,A,,A,,A,,A,,A,,A,,A
20174,03700692,11,0,1,175,D,400,D,45,D,,A,,A,,A,,A,,A,,A,,A,,A,,A
20174,03701022,5,0,1,110,D,374,D,,A,,A,,A,,A,,A,,A,,A,,A,,A,,A
20174,03702222,5,0,1,300,D,5,D,10,D,,A,,A,,A,,A,,A,,A,,A,,A,,A
20174,03702382,7,0,1,300,D,400,D,,A,,A,,A,,A,,A,,A,,A,,A,,A,,A
20174,03713552,7,0,1,175,D,200,D,,A,,A,,A,,A,,A,,A,,A,,A,,A,,A
20174,03713832,6,2,1,300,D,454,E,,A,,A,,A,,A,,A,,A,,A,,A,,A,,A
20174,03713832,6,1,1,210,D,46,E,,A,,A,,A,,A,,A,,A,,A,,A,,A,,A
20174,03713832,6,0,1,310,D,,H,,A,210,D,300,D,,A,,A,,A,,A,,A,,A,,A
20174,03713912,1,0,1,150,D,22,D,,A,,A,,A,,A,,A,,A,,A,,A,,A,,A
20174,03714282,4,0,1,210,D,200,D,,A,,A,,A,,A,,A,,A,,A,,A,,A,,A
20174,03715402,8,0,1,175,D,100,D,,A,,A,,A,,A,,A,,A,,A,,A,,A,,A
20174,03716472,5,0,1,,A,,A,100,D,,A,,A,,A,,A,,A,,A,,A,,A,,A
20174,03717062,34,0,1,300,D,189,D,,A,,A,,A,,A,,A,,A,,A,,A,,A,,A
20174,03717102,17,0,1,140,D,40,D,,A,,A,,A,,A,,A,,A,,A,,A,,A,,A
20174,03717322,6,3,1,300,D,30,E,,A,,A,,A,,A,,A,,A,,A,,A,,A,,A
20174,03717322,6,2,1,175,D,71,E,,A,,A,,A,,A,,A,,A,,A,,A,,A,,A
20174,03717322,6,1,1,130,D,109,E,,A,,A,,A,,A,,A,,A,,A,,A,,A,,A
20174,03717322,6,0,1,310,D,,H,,A,310,D,300,D,,A,,A,,A,,A,,A,,A,,A
20174,03717642,4,0,1,,A,,A,50,D,,A,,A,,A,,A,,A,,A,,A,,A,,A
20174,03718142,6,0,1,,A,,A,100,D,,A,,A,,A,,A,,A,,A,,A,,A,,A
20174,03718922,3,0,1,130,D,310,D,,A,,A,,A,,A,,A,,A,,A,,A,,A,,A
20174,03719542,10,0,1,300,D,50,D,,A,,A,,A,,A,,A,,A,,A,,A,,A,,A
20174,03720722,11,2,1,140,D,19,E,,A,,A,,A,,A,,A,,A,,A,,A,,A,,A
20174,03720722,11,1,1,300,D,26,E,,A,,A,,A,,A,,A,,A,,A,,A,,A,,A
20174,03720722,11,0,1,310,D,,H,,A,300,D,140,D,,A,,A,,A,,A,,A,,A,,A
20174,03721012,6,0,1,210,D,40,D,,A,,A,,A,,A,,A,,A,,A,,A,,A,,A
20174,03721572,4,0,1,200,D,30,D,,A,,A,,A,,A,,A,,A,,A,,A,,A,,A
20174,03721702,10,0,1,240,D,40,D,,A,,A,,A,,A,,A,,A,,A,,A,,A,,A
20174,03722562,1,0,1,,A,,A,10,D,,A,,A,,A,,A,,A,,A,,A,,A,,A
20174,03723322,6,0,1,210,D,400,D,,A,,A,,A,,A,,A,,A,,A,,A,,A,,A
20174,03723652,10,0,1,175,D,50,D,,A,,A,,A,,A,,A,,A,,A,,A,,A,,A
20174,03736282,5,0,1,130,D,200,D,,A,,A,,A,,A,,A,,A,,A,,A,,A,,A
20174,03739922,8,0,1,120,D,2200,D,,A,,A,,A,,A,,A,,A,,A,,A,,A,,A
20174,03740002,10,0,1,,A,,A,600,D,,A,,A,,A,,A,,A,,A,,A,,A,,A
20174,03740752,11,0,1,,A,,A,80,D,,A,,A,,A,,A,,A,,A,,A,,A,,A
20174,03740762,9,0,1,175,D,150,D,,A,,A,,A,,A,,A,,A,,A,,A,,A,,A
20174,03742222,2,0,1,,A,,A,100,D,,A,,A,,A,,A,,A,,A,,A,,A,,A
20174,03742452,4,0,1,,A,,A,8,D,,A,,A,,A,,A,,A,,A,,A,,A,,A
20174,03744682,8,0,1,,A,,A,250,D,,A,,A,,A,,A,,A,,A,,A,,A,,A
20174,03755214,4,0,1,175,D,91,D,,A,,A,,A,,A,,A,,A,,A,,A,,A,,A
20174,03755221,2,0,1,,A,,A,34,D,,A,,A,,A,,A,,A,,A,,A,,A,,A
20174,03756171,22,0,1,300,D,60,D,,A,,A,,A,,A,,A,,A,,A,,A,,A,,A
20174,03757901,3,0,1,140,D,550,D,,A,,A,,A,,A,,A,,A,,A,,A,,A,,A
20174,03760061,12,0,1,,A,,A,40,D,,A,,A,,A,,A,,A,,A,,A,,A,,A
20174,03760871,5,0,1,235,D,300,D,,A,,A,,A,,A,,A,,A,,A,,A,,A,,A
20174,03761641,8,0,1,,A,,A,500,D,,A,,A,,A,,A,,A,,A,,A,,A,,A
20174,03764661,8,0,1,,A,,A,100,D,,A,,A,,A,,A,,A,,A,,A,,A,,A
20174,03764711,8,0,1,300,D,400,D,,A,,A,,A,,A,,A,,A,,A,,A,,A,,A
20174,03765541,17,0,1,300,D,2000,D,,A,,A,,A,,A,,A,,A,,A,,A,,A,,A
20174,03776291,4,0,1,235,D,40,D,,A,,A,,A,,A,,A,,A,,A,,A,,A,,A
20174,03776671,11,0,1,235,D,1000,D,,A,,A,,A,,A,,A,,A,,A,,A,,A,,A
20174,03777111,3,0,1,300,D,400,D,,A,,A,,A,,A,,A,,A,,A,,A,,A,,A
20174,03777211,5,0,1,150,D,400,D,,A,,A,,A,,A,,A,,A,,A,,A,,A,,A
20174,03778831,19,0,1,,A,,A,900,D,,A,,A,,A,,A,,A,,A,,A,,A,,A
20174,03779541,8,0,1,130,D,82,D,,A,,A,,A,,A,,A,,A,,A,,A,,A,,A
20174,03779661,14,1,1,175,D,75,E,,A,,A,,A,,A,,A,,A,,A,,A,,A,,A
20174,03779661,14,0,1,310,D,,H,,A,220,D,175,D,,A,,A,,A,,A,,A,,A,,A
20174,03780141,2,0,1,130,D,120,D,,A,,A,,A,,A,,A,,A,,A,,A,,A,,A
20174,03780201,10,0,1,,A,,A,20,D,,A,,A,,A,,A,,A,,A,,A,,A,,A
20174,03780931,15,0,1,175,D,120,D,,A,,A,,A,,A,,A,,A,,A,,A,,A,,A
20174,03781561,9,3,1,300,D,12,E,,A,,A,,A,,A,,A,,A,,A,,A,,A,,A
20174,03781561,9,2,1,175,D,35,E,,A,,A,,A,,A,,A,,A,,A,,A,,A,,A
20174,03781561,9,1,1,140,D,9,E,,A,,A,,A,,A,,A,,A,,A,,A,,A,,A
20174,03781561,9,0,1,310,D,,H,,A,310,D,175,D,,A,,A,,A,,A,,A,,A,,A
20174,03781821,14,0,1,,A,,A,1000,D,,A,,A,,A,,A,,A,,A,,A,,A,,A
20174,03781981,13,0,1,210,D,2,D,8,D,,A,,A,,A,,A,,A,,A,,A,,A,,A
20174,03782321,3,0,1,300,D,420,D,,A,,A,,A,,A,,A,,A,,A,,A,,A,,A
20174,03782561,8,0,1,260,D,2000,D,,A,,A,,A,,A,,A,,A,,A,,A,,A,,A
20174,03784231,5,0,1,,A,,A,230,D,,A,,A,,A,,A,,A,,A,,A,,A,,A
20174,03784331,14,0,1,200,D,130,D,,A,,A,,A,,A,,A,,A,,A,,A,,A,,A
20174,03784751,15,0,1,175,D,200,D,,A,,A,,A,,A,,A,,A,,A,,A,,A,,A
20174,03785401,2,0,1,300,D,600,D,,A,,A,,A,,A,,A,,A,,A,,A,,A,,A
20174,03785821,9,0,1,,A,,A,100,D,,A,,A,,A,,A,,A,,A,,A,,A,,A
20174,03785951,7,0,1,,A,,A,7000,D,,A,,A,,A,,A,,A,,A,,A,,A,,A
20174,03786181,11,0,1,,A,,A,20,D,,A,,A,,A,,A,,A,,A,,A,,A,,A
20174,03797851,1,0,1,,A,,A,500,D,,A,,A,,A,,A,,A,,A,,A,,A,,A
20174,03797951,8,0,1,140,D,15,D,2000,D,,A,,A,,A,,A,,A,,A,,A,,A,,A
20174,03798421,15,0,1,110,D,56,D,,A,,A,,A,,A,,A,,A,,A,,A,,A,,A
20174,03798491,7,0,1,235,D,1200,D,,A,,A,,A,,A,,A,,A,,A,,A,,A,,A
20174,03799041,8,0,1,280,D,300,D,,A,,A,,A,,A,,A,,A,,A,,A,,A,,A
20174,03799941,1,0,1,190,D,400,D,,A,,A,,A,,A,,A,,A,,A,,A,,A,,A
20174,03799991,8,0,1,260,D,150,D,,A,,A,,A,,A,,A,,A,,A,,A,,A,,A
20174,03800281,19,0,1,300,D,400,D,,A,,A,,A,,A,,A,,A,,A,,A,,A,,A
20174,03800421,12,0,1,300,D,20,D,,A,,A,,A,,A,,A,,A,,A,,A,,A,,A
20174,03800861,7,0,1,150,D,1000,D,300,D,,A,,A,,A,,A,,A,,A,,A,,A,,A
20174,03802081,5,0,1,175,D,80,D,,A,,A,,A,,A,,A,,A,,A,,A,,A,,A
20174,03803231,8,0,1,,A,,A,16,D,,A,,A,,A,,A,,A,,A,,A,,A,,A
20174,03803841,7,0,1,300,D,120,D,,A,,A,,A,,A,,A,,A,,A,,A,,A,,A
20174,03803941,7,0,1,130,D,50,D,,A,,A,,A,,A,,A,,A,,A,,A,,A,,A
20174,03804591,13,0,1,200,D,55,D,,A,,A,,A,,A,,A,,A,,A,,A,,A,,A
20174,03805481,11,0,1,,A,,A,1200,D,,A,,A,,A,,A,,A,,A,,A,,A,,A
20174,03805591,2,0,1,300,D,100,D,,A,,A,,A,,A,,A,,A,,A,,A,,A,,A
20174,03805811,9,0,1,,A,,A,330,D,,A,,A,,A,,A,,A,,A,,A,,A,,A
20174,03806421,1,0,1,260,D,2000,D,,A,,A,,A,,A,,A,,A,,A,,A,,A,,A
20174,03807481,6,0,1,300,D,1200,D,,A,,A,,A,,A,,A,,A,,A,,A,,A,,A
20181,03639634,4,0,1,280,D,37,D,,A,,A,,A,,A,,A,,A,,A,,A,,A,,A
20181,03641064,3,0,1,130,D,50,D,,A,,A,,A,,A,,A,,A,,A,,A,,A,,A
20181,03641494,10,0,1,200,D,48,D,,A,,A,,A,,A,,A,,A,,A,,A,,A,,A
20181,03641714,6,0,1,,A,,A,100,D,,A,,A,,A,,A,,A,,A,,A,,A,,A
20181,03642404,7,0,1,235,D,1800,D,,A,,A,,A,,A,,A,,A,,A,,A,,A,,A
20181,03642504,8,0,1,,A,,A,20,D,,A,,A,,A,,A,,A,,A,,A,,A,,A
20181,03642724,11,0,1,260,D,100,D,,A,,A,,A,,A,,A,,A,,A,,A,,A,,A
20181,03643144,11,0,1,,A,,A,270,D,,A,,A,,A,,A,,A,,A,,A,,A,,A
20181,03644654,11,0,1,,A,,A,100,D,,A,,A,,A,,A,,A,,A,,A,,A,,A
20181,03645404,5,0,1,200,D,7,D,,A,,A,,A,,A,,A,,A,,A,,A,,A,,A
20181,03647064,5,0,1,210,D,150,D,,A,,A,,A,,A,,A,,A,,A,,A,,A,,A
20181,03647934,7,0,1,300,D,500,D,,A,,A,,A,,A,,A,,A,,A,,A,,A,,A
20181,03648204,13,0,1,,A,,A,24,D,,A,,A,,A,,A,,A,,A,,A,,A,,A
20181,03650564,8,0,1,300,D,138,D,,A,,A,,A,,A,,A,,A,,A,,A,,A,,A
20181,03650954,5,0,1,,A,,A,80,D,,A,,A,,A,,A,,A,,A,,A,,A,,A
20181,03651334,1,0,1,280,D,40,D,,A,,A,,A,,A,,A,,A,,A,,A,,A,,A
20181,03653774,6,0,1,235,D,750,D,,A,,A,,A,,A,,A,,A,,A,,A,,A,,A
20181,03654534,10,0,1,,A,,A,200,D,,A,,A,,A,,A,,A,,A,,A,,A,,A
20181,03655454,26,0,1,175,D,25,D,,A,,A,,A,,A,,A,,A,,A,,A,,A,,A
20181,03655674,26,0,1,,A,,A,15,D,,A,,A,,A,,A,,A,,A,,A,,A,,A
20181,03656144,9,0,1,,A,,A,80,D,,A,,A,,A,,A,,A,,A,,A,,A,,A
20181,03656724,5,0,1,,A,,A,30,D,,A,,A,,A,,A,,A,,A,,A,,A,,A
20181,03657924,11,0,1,,A,,A,50,D,,A,,A,,A,,A,,A,,A,,A,,A,,A
20181,03658534,13,0,1,300,D,4000,D,45,D,,A,,A,,A,,A,,A,,A,,A,,A,,A
20181,03660014,10,0,1,175,D,200,D,,A,,A,,A,,A,,A,,A,,A,,A,,A,,A
20181,03662124,9,0,1,,A,,A,20,D,,A,,A,,A,,A,,A,,A,,A,,A,,A
20181,03662984,12,0,1,300,D,1000,D,,A,,A,,A,,A,,A,,A,,A,,A,,A,,A
20181,03666834,6,0,1,210,D,80,D,,A,,A,,A,,A,,A,,A,,A,,A,,A,,A
20181,03667294,3,0,1,130,D,380,D,,A,,A,,A,,A,,A,,A,,A,,A,,A,,A
20181,03670154,5,0,1,,A,,A,150,D,,A,,A,,A,,A,,A,,A,,A,,A,,A
20181,03671124,5,0,1,175,D,325,D,,A,,A,,A,,A,,A,,A,,A,,A,,A,,A
20181,03693243,9,0,1,,A,,A,200,D,,A,,A,,A,,A,,A,,A,,A,,A,,A
20181,03694483,1,0,1,,A,,A,300,D,,A,,A,,A,,A,,A,,A,,A,,A,,A
20181,03696773,14,0,1,,A,,A,100,D,,A,,A,,A,,A,,A,,A,,A,,A,,A
20181,03697673,13,0,1,,A,,A,1,D,,A,,A,,A,,A,,A,,A,,A,,A,,A
20181,03698713,6,0,1,210,D,150,D,,A,,A,,A,,A,,A,,A,,A,,A,,A,,A
20181,03699063,35,0,1,,A,,A,60,D,,A,,A,,A,,A,,A,,A,,A,,A,,A
20181,03700523,18,0,1,120,D,1700,D,,A,,A,,A,,A,,A,,A,,A,,A,,A,,A
20181,03701993,16,0,1,,A,,A,500,D,,A,,A,,A,,A,,A,,A,,A,,A,,A
20181,03715743,2,0,1,130,D,400,D,,A,,A,,A,,A,,A,,A,,A,,A,,A,,A
20181,03716003,15,0,1,300,D,10583,T,,A,,A,,A,,A,,A,,A,,A,,A,,A,,A
20181,03716473,7,0,1,140,D,150,D,,A,,A,,A,,A,,A,,A,,A,,A,,A,,A
20181,03718013,8,0,1,175,D,200,D,,A,,A,,A,,A,,A,,A,,A,,A,,A,,A
20181,03719553,9,0,1,310,D,,H,,A,200,D,220,D,260,D,,A,,A,,A,,A,,A,,A
20181,03719553,9,1,1,260,D,3000,E,,A,,A,,A,,A,,A,,A,,A,,A,,A,,A
20181,03719823,13,0,1,200,D,7,D,,A,,A,,A,,A,,A,,A,,A,,A,,A,,A
20181,03721173,7,0,1,130,D,30,D,,A,,A,,A,,A,,A,,A,,A,,A,,A,,A
20181,03722183,17,0,1,,A,,A,500,D,,A,,A,,A,,A,,A,,A,,A,,A,,A
20181,03723143,17,0,1,280,D,15,D,,A,,A,,A,,A,,A,,A,,A,,A,,A,,A
20181,03723353,3,0,1,175,D,14,D,,A,,A,,A,,A,,A,,A,,A,,A,,A,,A
20181,03735643,8,0,1,300,D,500,D,,A,,A,,A,,A,,A,,A,,A,,A,,A,,A
20181,03736413,2,0,1,210,D,21,D,,A,,A,,A,,A,,A,,A,,A,,A,,A,,A
20181,03736853,4,0,1,175,D,30,D,,A,,A,,A,,A,,A,,A,,A,,A,,A,,A
20181,03737033,4,0,1,,A,,A,200,D,,A,,A,,A,,A,,A,,A,,A,,A,,A
20181,03739543,13,0,1,200,D,600,D,50,D,,A,,A,,A,,A,,A,,A,,A,,A,,A
20181,03740003,11,0,1,,A,,A,250,D,,A,,A,,A,,A,,A,,A,,A,,A,,A
20181,03740633,2,0,1,235,D,325,D,,A,,A,,A,,A,,A,,A,,A,,A,,A,,A
20181,03740733,17,0,1,300,D,150,D,,A,,A,,A,,A,,A,,A,,A,,A,,A,,A
20181,03740753,4,0,1,,A,,A,120,D,,A,,A,,A,,A,,A,,A,,A,,A,,A
20181,03741173,6,0,1,130,D,77,D,,A,,A,,A,,A,,A,,A,,A,,A,,A,,A
20181,03742413,10,0,1,200,D,162,D,,A,,A,,A,,A,,A,,A,,A,,A,,A,,A
20181,03742593,6,0,1,175,D,130,D,,A,,A,,A,,A,,A,,A,,A,,A,,A,,A
20181,03744063,8,0,1,160,D,160,D,,A,,A,,A,,A,,A,,A,,A,,A,,A,,A
20181,03744163,7,0,1,175,D,72,D,,A,,A,,A,,A,,A,,A,,A,,A,,A,,A
20181,03744683,16,0,1,,A,,A,65,D,,A,,A,,A,,A,,A,,A,,A,,A,,A
20181,03755412,4,0,1,130,D,60,D,,A,,A,,A,,A,,A,,A,,A,,A,,A,,A
20181,03757252,8,0,1,,A,,A,150,D,,A,,A,,A,,A,,A,,A,,A,,A,,A
20181,03757592,7,0,1,,A,,A,500,D,,A,,A,,A,,A,,A,,A,,A,,A,,A
20181,03761352,12,0,1,175,D,178,D,,A,,A,,A,,A,,A,,A,,A,,A,,A,,A
20181,03761893,10,0,1,,A,,A,480,D,,A,,A,,A,,A,,A,,A,,A,,A,,A
20181,03762142,5,0,1,200,D,200,D,,A,,A,,A,,A,,A,,A,,A,,A,,A,,A
20181,03764262,16,0,1,175,D,150,D,,A,,A,,A,,A,,A,,A,,A,,A,,A,,A
20181,03764412,22,0,1,,A,,A,28,D,,A,,A,,A,,A,,A,,A,,A,,A,,A
20181,03776132,19,0,1,175,D,50,D,,A,,A,,A,,A,,A,,A,,A,,A,,A,,A
20181,03776292,12,0,1,130,D,85,D,,A,,A,,A,,A,,A,,A,,A,,A,,A,,A
20181,03777112,8,0,1,175,D,900,D,,A,,A,,A,,A,,A,,A,,A,,A,,A,,A
20181,03777122,8,0,1,175,D,5,D,,A,,A,,A,,A,,A,,A,,A,,A,,A,,A
20181,03778292,18,0,1,,A,,A,3,D,,A,,A,,A,,A,,A,,A,,A,,A,,A
20181,03778532,11,0,1,,A,,A,45,D,,A,,A,,A,,A,,A,,A,,A,,A,,A
20181,03779382,3,0,1,175,D,40,D,,A,,A,,A,,A,,A,,A,,A,,A,,A,,A
20181,03779672,6,0,1,300,D,6,D,,A,,A,,A,,A,,A,,A,,A,,A,,A,,A
20181,03780142,14,0,1,175,D,100,D,,A,,A,,A,,A,,A,,A,,A,,A,,A,,A
20181,03781982,15,0,1,300,D,63,D,63,D,,A,,A,,A,,A,,A,,A,,A,,A,,A
20181,03782222,12,0,1,,A,,A,1000,D,,A,,A,,A,,A,,A,,A,,A,,A,,A
20181,03782692,17,0,1,,A,,A,9,D,,A,,A,,A,,A,,A,,A,,A,,A,,A
20181,03784332,17,0,1,200,D,112,D,,A,,A,,A,,A,,A,,A,,A,,A,,A,,A
20181,03785662,12,0,1,175,D,90,D,,A,,A,,A,,A,,A,,A,,A,,A,,A,,A
20181,03785782,5,0,1,175,D,12,D,,A,,A,,A,,A,,A,,A,,A,,A,,A,,A
20181,03785952,12,0,1,300,D,3100,D,1600,D,,A,,A,,A,,A,,A,,A,,A,,A,,A
20181,03786682,3,0,1,175,D,150,D,,A,,A,,A,,A,,A,,A,,A,,A,,A,,A
20181,03798722,12,0,1,,A,,A,400,D,,A,,A,,A,,A,,A,,A,,A,,A,,A
20181,03799272,5,0,1,,A,,A,600,D,,A,,A,,A,,A,,A,,A,,A,,A,,A
20181,03799492,10,0,1,,A,,A,500,D,,A,,A,,A,,A,,A,,A,,A,,A,,A
20181,03799632,6,0,1,175,D,60,D,,A,,A,,A,,A,,A,,A,,A,,A,,A,,A
20181,03800642,6,0,1,300,D,100,D,,A,,A,,A,,A,,A,,A,,A,,A,,A,,A
20181,03800862,10,0,1,130,D,3200,D,,A,,A,,A,,A,,A,,A,,A,,A,,A,,A
20181,03801892,2,0,1,,A,,A,100,D,,A,,A,,A,,A,,A,,A,,A,,A,,A
20181,03803232,1,0,1,140,D,1225,D,,A,,A,,A,,A,,A,,A,,A,,A,,A,,A
20181,03803942,5,0,1,130,D,200,D,,A,,A,,A,,A,,A,,A,,A,,A,,A,,A
20181,03805772,6,0,1,150,D,525,D,,A,,A,,A,,A,,A,,A,,A,,A,,A,,A
20181,03805812,7,0,1,,A,,A,75,D,,A,,A,,A,,A,,A,,A,,A,,A,,A
20181,03808362,7,0,1,175,D,44,D,,A,,A,,A,,A,,A,,A,,A,,A,,A,,A
20181,03818671,3,0,1,,A,,A,50,D,,A,,A,,A,,A,,A,,A,,A,,A,,A
20181,03818781,4,0,1,,A,,A,14,D,,A,,A,,A,,A,,A,,A,,A,,A,,A
20181,03819261,6,0,1,,A,,A,200,D,,A,,A,,A,,A,,A,,A,,A,,A,,A
20181,03819351,22,0,1,,A,,A,200,D,,A,,A,,A,,A,,A,,A,,A,,A,,A
20181,03819384,4,0,1,175,D,450,D,,A,,A,,A,,A,,A,,A,,A,,A,,A,,A
20181,03819511,6,0,1,300,D,50,D,,A,,A,,A,,A,,A,,A,,A,,A,,A,,A
20181,03819601,8,0,1,190,D,30,D,,A,,A,,A,,A,,A,,A,,A,,A,,A,,A
20181,03820441,20,0,1,175,D,100,D,,A,,A,,A,,A,,A,,A,,A,,A,,A,,A
20181,03821271,3,0,1,130,D,200,D,,A,,A,,A,,A,,A,,A,,A,,A,,A,,A
20181,03821631,18,0,1,175,D,443,D,,A,,A,,A,,A,,A,,A,,A,,A,,A,,A
20181,03822281,23,0,1,130,D,1700,D,,A,,A,,A,,A,,A,,A,,A,,A,,A,,A
20181,03822391,1,0,1,175,D,15,D,,A,,A,,A,,A,,A,,A,,A,,A,,A,,A
20181,03823294,17,0,1,300,D,200,D,,A,,A,,A,,A,,A,,A,,A,,A,,A,,A
20181,03824131,5,0,1,300,D,100,D,,A,,A,,A,,A,,A,,A,,A,,A,,A,,A
20181,03824391,6,0,1,280,D,100,D,,A,,A,,A,,A,,A,,A,,A,,A,,A,,A
20181,03825021,16,0,1,,A,,A,532,D,,A,,A,,A,,A,,A,,A,,A,,A,,A
20181,03825631,14,0,1,,A,,A,1100,D,,A,,A,,A,,A,,A,,A,,A,,A,,A
20181,03825651,11,0,1,235,D,100,D,,A,,A,,A,,A,,A,,A,,A,,A,,A,,A
20181,03829031,1,0,1,130,D,10583,T,,A,,A,,A,,A,,A,,A,,A,,A,,A,,A
20181,03829091,2,0,1,140,D,136,D,,A,,A,,A,,A,,A,,A,,A,,A,,A,,A
20181,03839871,13,0,1,175,D,150,D,,A,,A,,A,,A,,A,,A,,A,,A,,A,,A
20181,03840321,10,0,1,,A,,A,50,D,,A,,A,,A,,A,,A,,A,,A,,A,,A
20181,03840991,5,0,1,160,D,200,D,,A,,A,,A,,A,,A,,A,,A,,A,,A,,A
20181,03841631,19,0,1,110,D,500,D,,A,,A,,A,,A,,A,,A,,A,,A,,A,,A
20181,03841891,6,0,1,200,D,200,D,,A,,A,,A,,A,,A,,A,,A,,A,,A,,A
20181,03841901,8,0,1,235,D,646,D,,A,,A,,A,,A,,A,,A,,A,,A,,A,,A
20181,03841951,15,0,1,140,D,300,D,,A,,A,,A,,A,,A,,A,,A,,A,,A,,A
20181,03843121,2,0,1,130,D,220,D,,A,,A,,A,,A,,A,,A,,A,,A,,A,,A
20181,03843284,5,0,1,,A,,A,1000,D,,A,,A,,A,,A,,A,,A,,A,,A,,A
20181,03843641,21,0,1,130,D,50,D,,A,,A,,A,,A,,A,,A,,A,,A,,A,,A
20181,03843891,16,0,1,,A,,A,500,D,,A,,A,,A,,A,,A,,A,,A,,A,,A
20181,03843931,5,0,1,300,D,100,D,,A,,A,,A,,A,,A,,A,,A,,A,,A,,A
20181,03843991,2,0,1,270,D,365,D,,A,,A,,A,,A,,A,,A,,A,,A,,A,,A
20181,03844521,6,0,1,175,D,100,D,,A,,A,,A,,A,,A,,A,,A,,A,,A,,A
20181,03844581,13,0,1,300,D,15,D,10,D,,A,,A,,A,,A,,A,,A,,A,,A,,A
20181,03845261,15,0,1,120,D,75,D,,A,,A,,A,,A,,A,,A,,A,,A,,A,,A
20181,03846951,26,0,1,300,D,260,D,,A,,A,,A,,A,,A,,A,,A,,A,,A,,A
20181,03847941,6,0,1,200,D,200,F,,A,,A,,A,,A,,A,,A,,A,,A,,A,,A
20181,03847981,22,0,1,300,D,100,D,,A,,A,,A,,A,,A,,A,,A,,A,,A,,A
20181,03848741,25,0,1,210,D,150,D,,A,,A,,A,,A,,A,,A,,A,,A,,A,,A
20181,03851021,17,0,1,,A,,A,100,D,,A,,A,,A,,A,,A,,A,,A,,A,,A
20181,03852331,20,0,1,175,D,150,F,,A,,A,,A,,A,,A,,A,,A,,A,,A,,A
20181,03852651,7,0,1,300,D,600,D,,A,,A,,A,,A,,A,,A,,A,,A,,A,,A
20181,03853361,16,0,1,175,D,30,D,,A,,A,,A,,A,,A,,A,,A,,A,,A,,A
20181,03853991,6,0,1,280,D,200,D,,A,,A,,A,,A,,A,,A,,A,,A,,A,,A
20181,03854341,4,0,1,235,D,400,D,60,D,,A,,A,,A,,A,,A,,A,,A,,A,,A
20181,03856291,8,0,1,235,D,160,D,,A,,A,,A,,A,,A,,A,,A,,A,,A,,A
20181,03857001,3,0,1,175,D,50,D,,A,,A,,A,,A,,A,,A,,A,,A,,A,,A
20181,03857421,5,0,1,,A,,A,20,D,,A,,A,,A,,A,,A,,A,,A,,A,,A
20181,03858931,12,0,1,210,D,200,D,,A,,A,,A,,A,,A,,A,,A,,A,,A,,A
20181,03859941,11,0,1,175,D,500,D,225,D,,A,,A,,A,,A,,A,,A,,A,,A,,A
20181,03860051,8,0,1,190,D,100,D,,A,,A,,A,,A,,A,,A,,A,,A,,A,,A
