QYEAR,NEWID,SEQNO,ALCNO,REC_ORIG,PROP_NOG,PROP0NOG,OWNYG,OWNYG_,NEWMRTG,NEWMRTG_,ORGMRTG,ORGMRTG_,QMRTTRMG,QMRT_RMG,MRTPMTG,MRTPMTG_,PAYPRTXG,PAYP_TXG,PAYPRING,PAYP_ING,PAYMRING,PAYM_ING,PAYOTHRG,PAYO_HRG,QESCROWG,QESC_OWG,QPRINM1G,QPRI_M1G,QPRINM2G,QPRI_M2G,QPRINM3G,QPRI_M3G,QADINT1G,QADI_T1G,QADINT2G,QADI_T2G,QADINT3G,QADI_T3G,QRFINDTG,QRFI_DTG,FRSTPYMG,FRST_YMG,FRSTPYRG,FRST_YRG,FIXDRTEG,FIXD_TEG,QNEWDATG,QNEW_ATG,QBLNCM1G,QBLN_M1G,QBLNCM2G,QBLN_M2G,QBLNCM3G,QBLN_M3G,LOAN_NOG,LOAN0NOG,VARRTEG,VARRTEG_,INTONLYG,INTO_LYG,OTHRTEG,OTHRTEG_,PAYMT1G,PAYMT1G_,PAYMT2G,PAYMT2G_,PAYMT3G,PAYMT3G_,PAYPRNPG,PAYP_NPG,PAYINTG,PAYINTG_
20171,03392954,29,0,5,01,D,100,D,.0859,D,98259,D,10,D,1223,D,,A,,A,,A,,A,0,D,591,D,595,D,599,D,632,D,628,D,624,D,,A,04,D,2015,D,1,D,,A,88314,D,87723,D,87128,D,01,D,,A,,A,,A,,A,,A,,A,1,D,2,D
20171,03408224,27,0,5,01,D,100,D,.0859,D,3164,D,3,D,100,D,,A,,A,,A,,A,0,D,94,D,95,D,96,D,6,D,5,D,4,D,,A,07,D,2014,D,1,D,,A,775,D,681,D,586,D,01,D,,A,,A,,A,,A,,A,,A,1,D,2,D
20171,03410364,22,0,5,01,D,100,D,.0560,F,65000,F,5,F,1245,F,,A,,A,,A,,A,0,F,826,F,830,F,834,F,174,F,170,F,166,F,,A,03,F,2015,F,2,F,,A,46345,F,45317,F,44284,F,01,D,,A,,A,,A,1000,F,1000,F,1000,F,1,D,2,D
20171,03413054,36,0,5,01,D,100,D,.0900,D,23000,D,4,D,730,D,,B,,B,,B,,B,158,D,464,D,467,D,471,D,108,D,105,D,101,D,,A,03,D,2015,D,1,D,,A,14414,D,13950,D,13483,D,01,D,,A,,A,,A,,A,,A,,A,1,D,2,D
20171,03413514,29,0,5,01,D,100,D,.0859,D,158896,D,20,D,1388,D,,A,,A,,A,,A,0,D,338,D,341,D,343,D,1050,D,1047,D,1045,D,,A,05,D,2013,D,1,D,,A,154328,T,160306,T,155094,T,01,D,,A,,A,,A,,A,,A,,A,1,D,2,D
20171,03413514,30,0,5,01,D,100,D,.0400,D,23000,D,10,D,238,D,,B,,B,,B,,B,5,D,170,D,171,D,172,D,63,D,62,D,61,D,,A,09,D,2014,D,1,D,,A,18761,D,18591,D,18420,D,02,D,,A,,A,,A,,A,,A,,A,1,D,2,D
20171,03414074,22,0,5,01,D,100,D,.0859,D,50000,D,15,D,800,D,,B,,B,,B,,B,305,D,146,D,147,D,148,D,349,D,348,D,347,D,,A,02,D,2016,D,1,D,,A,48730,D,48584,D,48437,D,01,D,,A,,A,,A,,A,,A,,A,1,D,2,D
20171,03414374,52,0,5,01,D,100,D,.0750,F,45000,F,15,F,450,F,,A,4,F,,A,,A,33,F,153,F,154,F,155,F,264,F,263,F,262,F,,A,05,F,2015,F,1,F,,A,42270,F,42118,F,41964,F,01,D,,A,,A,,A,,A,,A,,A,1,D,2,D
20171,03416664,13,0,5,01,D,100,D,.0400,F,100000,F,15,F,1029,F,,B,,B,,B,,B,289,F,452,F,454,F,455,F,288,F,286,F,285,F,,A,02,F,2014,F,1,F,,A,86291,F,85839,F,85385,F,01,D,,A,,A,,A,,A,,A,,A,1,D,2,D
20171,03416934,14,0,5,01,D,100,D,.0859,D,21919,D,15,D,217,D,,A,,A,,A,,A,0,D,105,D,106,D,106,D,112,D,111,D,111,D,,A,05,D,2010,D,1,D,,A,15670,D,15565,D,15460,D,01,D,,A,,A,,A,,A,,A,,A,1,D,2,D
20171,03418564,37,0,5,01,D,200,D,.0840,D,34591,D,20,D,298,D,,A,,A,,A,,A,0,D,124,D,125,D,125,D,174,D,173,D,173,D,,A,06,D,2007,D,1,D,,A,24895,D,24772,D,24647,D,01,D,,A,,A,,A,,A,,A,,A,1,D,2,D
20171,03421004,26,0,5,01,D,100,D,.0700,D,5050,D,5,D,100,D,,C,,C,,C,,C,0,D,79,D,79,D,80,D,21,D,21,D,20,D,,A,05,D,2015,D,1,D,,A,3637,D,3558,D,3479,D,01,D,,A,,A,,A,,A,,A,,A,,C,,A
20171,03421294,15,0,5,01,D,100,D,.0750,D,45000,D,15,D,450,D,,A,4,D,,A,,A,33,D,153,D,154,D,155,D,264,D,263,D,262,D,,A,05,D,2015,D,1,D,,A,42270,D,42118,D,41964,D,01,D,,A,,A,,A,,A,,A,,A,1,D,2,D
20171,03421634,9,0,5,01,D,100,D,.0650,D,13563,D,10,D,154,D,,A,,A,,A,,A,0,D,130,D,131,D,132,D,24,D,23,D,22,D,,A,07,D,2009,D,1,D,,A,4385,D,4254,D,4123,D,01,D,,A,,A,,A,,A,,A,,A,1,D,2,D
20171,03421774,30,0,5,01,D,100,D,.0859,D,10000,D,15,D,150,D,,B,,B,,B,,B,51,D,28,D,29,D,29,D,71,D,70,D,70,D,,A,07,D,2016,D,1,D,,A,9861,D,9833,D,9804,D,01,D,,A,,A,,A,,A,,A,,A,1,D,2,D
20171,03422514,28,0,5,01,D,100,D,.0450,D,40000,D,10,D,416,D,,B,,B,,B,,B,1,D,298,D,299,D,300,D,117,D,116,D,115,D,,A,05,D,2014,D,1,D,,A,31306,D,31008,D,30709,D,01,D,,A,,A,,A,,A,,A,,A,1,D,2,D
20171,03422684,18,0,5,01,D,100,D,.0859,F,2525,F,15,F,25,F,,A,,A,,A,,A,0,F,20,F,20,F,20,F,5,F,5,F,5,F,,A,06,F,2004,F,1,F,,A,712,F,692,F,672,F,01,D,1,D,,A,,A,,A,,A,,A,1,D,2,D
20171,03423634,33,0,5,01,D,100,D,.0800,D,28000,D,15,D,330,D,,B,,B,,B,,B,62,D,245,D,247,D,248,D,23,D,21,D,20,D,,A,02,D,2003,D,1,D,,A,3439,D,3194,D,2947,D,01,D,,A,,A,,A,,A,,A,,A,1,D,2,D
20171,03425074,31,0,5,01,D,100,D,.0859,D,118179,D,15,D,1170,D,,A,,A,,A,,A,0,D,483,D,487,D,490,D,687,D,683,D,680,D,,A,04,D,2012,D,1,D,,A,95954,D,95470,D,94984,D,01,D,,A,,A,,A,,A,,A,,A,1,D,2,D
20171,03427204,27,0,5,01,D,100,D,.0859,F,84714,F,20,F,740,F,,C,,C,,C,,C,0,F,637,F,642,F,646,F,103,F,98,F,94,F,,A,07,F,1998,F,1,F,,A,14381,F,13744,F,13102,F,01,D,,C,,C,,C,,A,,A,,A,,C,,A
20171,03427424,21,0,5,01,D,100,D,.0859,D,13132,D,5,D,270,D,,A,,A,,A,,A,0,D,188,D,189,D,190,D,82,D,81,D,80,D,,A,03,D,2016,D,1,D,,A,11502,D,11314,D,11125,D,01,D,,A,,A,,A,,A,,A,,A,1,D,2,D
20171,03428654,39,0,5,01,D,100,D,.0780,D,24000,D,15,D,382,D,,B,,B,,B,,B,155,D,117,D,118,D,118,D,110,D,109,D,109,D,,A,07,D,2010,D,1,D,,A,16934,D,16817,D,16700,D,01,D,,A,,A,,A,,A,,A,,A,1,D,2,D
20171,03441663,27,0,5,01,D,100,D,.0859,D,84714,D,20,D,740,D,,C,,C,,C,,C,0,D,637,D,642,D,646,D,103,D,98,D,94,D,,A,07,D,1998,D,1,D,,A,14381,D,13744,D,13102,D,01,D,,A,,A,,A,,A,,A,,A,,C,,A
20171,03441993,18,0,1,02,D,200,D,.0840,F,34591,F,20,F,298,F,,A,,A,,A,,A,0,F,124,F,125,F,125,F,174,F,173,F,173,F,,A,06,F,2007,F,1,F,,A,24895,F,24772,F,24647,F,01,D,,A,,A,,A,,A,,A,,A,1,D,2,D
20171,03442963,32,0,5,01,D,100,D,.0400,D,100000,D,15,D,1029,D,,B,,B,,B,,B,289,D,452,D,454,D,455,D,288,D,286,D,285,D,,A,02,D,2014,D,1,D,,A,86291,D,85839,D,85385,D,01,D,,A,,A,,A,,A,,A,,A,1,D,2,D
20171,03443053,28,0,5,01,D,100,D,.0859,D,137000,D,10,D,1705,D,,A,,A,,A,,A,0,D,758,D,764,D,769,D,642,D,636,D,631,D,,A,12,D,2013,D,2,D,,A,109222,D,108299,D,155094,T,01,D,1,D,,A,,A,8250,T,8250,T,1364,T,1,D,2,D
20171,03444803,23,0,5,01,D,100,D,.0560,D,65000,D,5,D,1245,D,,A,,A,,A,,A,0,D,826,D,830,D,834,D,174,D,170,D,166,D,,A,03,D,2015,D,2,D,,A,46345,D,45317,D,44284,D,01,D,1,D,,A,,A,1000,D,1000,D,1000,D,1,D,2,D
20171,03445643,33,0,5,01,D,100,D,.0859,D,20000,D,1,D,1745,D,,A,,A,,A,,A,0,D,,A,,A,,A,,A,,A,,A,,A,12,D,2016,D,2,D,,A,23170,D,21591,D,20000,D,01,D,1,D,,A,,A,0,D,0,D,250,D,1,D,2,D
20171,03446803,21,0,5,01,D,100,D,.0859,D,4864,D,5,D,100,D,,A,,A,,A,,A,0,D,75,D,75,D,76,D,25,D,25,D,24,D,,A,03,D,2015,D,1,D,,A,3542,D,3468,D,3393,D,01,D,,A,,A,,A,,A,,A,,A,1,D,2,D
20171,03446903,28,0,5,01,D,100,D,.0859,D,7000,D,15,D,110,D,,B,,B,,B,,B,41,D,39,D,39,D,39,D,30,D,30,D,30,D,,A,06,D,2008,D,1,D,,A,4254,D,4215,D,4176,D,01,D,,A,,A,,A,,A,,A,,A,1,D,2,D
20171,03449273,16,0,5,01,D,100,D,.0859,D,64000,D,10,D,797,D,3,D,4,D,,A,,A,0,D,339,D,341,D,344,D,458,D,456,D,453,D,,A,10,D,2016,D,1,D,,A,64000,D,63661,D,63320,D,01,D,,A,,A,,A,,A,,A,,A,1,D,2,D
20171,03449793,26,0,5,01,D,100,D,.0600,D,20690,D,5,D,400,D,,A,,A,,A,,A,0,D,388,D,390,D,392,D,12,D,10,D,8,D,,A,04,D,2012,D,1,D,,A,2358,D,1970,D,1580,D,01,D,,A,,A,,A,,A,,A,,A,1,D,2,D
20171,03450233,46,0,5,01,D,100,D,.0859,D,26433,D,10,D,329,D,,A,,A,,A,,A,0,D,204,D,205,D,207,D,125,D,124,D,122,D,,A,05,D,2012,D,1,D,,A,17462,D,17258,D,17052,D,01,D,,A,,A,,A,,A,,A,,A,1,D,2,D
20171,03450313,15,0,5,01,D,100,D,.0700,F,5050,F,5,F,100,F,,C,,C,,C,,C,0,F,79,F,79,F,80,F,21,F,21,F,20,F,,A,05,F,2015,F,1,F,,A,3637,F,3558,F,3479,F,01,D,,C,,C,,C,,A,,A,,A,,C,,A
20171,03461723,26,0,5,01,D,100,D,.0859,D,33000,D,15,D,327,D,,A,,A,,A,,A,0,D,191,D,192,D,193,D,52,D,51,D,50,D,,A,09,D,2004,D,2,D,,A,9829,D,9572,D,9314,D,01,D,1,D,,A,,A,241,D,242,D,243,D,1,D,2,D
20171,03462083,20,0,5,01,D,100,D,.0859,D,50000,D,10,D,622,D,,A,,A,,A,,A,0,D,139,D,140,D,141,D,106,D,105,D,104,D,,A,06,D,2013,D,2,D,,A,37452,D,37098,D,36741,D,01,D,1,D,,A,,A,228,D,250,D,245,D,1,D,2,D
20171,03465333,10,0,1,01,D,100,D,.0859,F,27237,F,5,F,560,F,,A,,A,,A,,A,0,F,378,F,381,F,384,F,182,F,179,F,176,F,,A,06,F,2016,F,1,F,,A,25386,F,25007,F,24626,F,01,D,,A,,A,,A,,A,,A,,A,1,D,2,D
20171,03466853,19,0,5,01,D,100,D,.0400,D,18766,D,10,D,190,D,,A,,A,,A,,A,0,D,132,D,133,D,133,D,58,D,57,D,57,D,,A,12,D,2015,D,1,D,,A,17340,D,17208,D,17076,D,01,D,,A,,A,,A,,A,,A,,A,1,D,2,D
20171,03467263,31,0,5,01,D,100,D,.0859,D,90907,D,15,D,900,D,,A,,A,,A,,A,0,D,667,D,672,D,677,D,233,D,228,D,223,D,,A,05,D,2005,D,1,D,,A,32547,D,31880,D,31208,D,01,D,,A,,A,,A,,A,,A,,A,1,D,2,D
20171,03469393,10,0,5,01,D,100,D,.0500,D,45000,D,10,D,477,D,,A,,A,,A,,A,0,D,366,D,368,D,369,D,79,D,77,D,76,D,,A,10,D,2010,D,2,D,,A,20335,D,19942,D,19548,D,01,D,1,D,,A,,A,445,D,445,D,445,D,1,D,2,D
20171,03491963,15,0,5,01,D,100,D,.0859,D,17000,D,15,D,250,D,,B,,B,,B,,B,82,D,117,D,118,D,119,D,51,D,50,D,49,D,,A,02,D,2006,D,1,D,,A,7118,D,7001,D,6883,D,01,D,,A,,A,,A,,A,,A,,A,1,D,2,D
20171,03493063,27,0,5,01,D,100,D,.0859,D,121209,D,15,D,1200,D,,A,,A,,A,,A,0,D,805,D,811,D,816,D,395,D,389,D,384,D,,A,08,D,2006,D,1,D,,A,55202,D,54398,D,53587,D,01,D,,A,,A,,A,,A,,A,,A,1,D,2,D
20171,03495423,17,0,5,01,D,100,D,.0400,D,130000,D,20,D,788,D,,A,,A,,A,,A,0,D,1033,T,1007,T,1013,T,139,D,135,D,132,D,,A,01,D,2000,D,2,D,,A,27379,D,26683,D,25984,D,01,D,1,D,,A,,A,1200,D,1200,D,1200,D,1,D,2,D
20171,03495553,71,0,5,01,D,100,D,.0859,D,50000,D,10,D,622,D,,A,,A,,A,,A,0,D,329,D,332,D,334,D,293,D,290,D,288,D,,A,05,D,2014,D,1,D,,A,40870,D,40541,D,40209,D,01,D,,A,,A,,A,,A,,A,,A,1,D,2,D
20171,03495943,32,0,5,01,D,100,D,.0859,D,80000,D,10,D,1100,D,,B,,B,,B,,B,104,D,668,D,673,D,678,D,328,D,323,D,318,D,,A,08,D,2011,D,1,D,,A,45786,D,45118,D,44445,D,01,D,,A,,A,,A,,A,,A,,A,1,D,2,D
20171,03496273,38,0,5,01,D,100,D,.0859,D,14000,D,15,D,2000,D,,B,,B,,B,,B,1861,D,,A,39,D,39,D,,A,100,D,100,D,,A,01,D,2017,D,1,D,012017,D,,A,14000,D,13961,D,01,D,,A,,A,,A,,A,,A,,A,1,D,2,D
20171,03496273,76,0,5,01,D,100,D,.0859,D,165000,D,15,D,1634,D,,A,,A,,A,,A,0,D,,A,,A,,A,,A,,A,,A,012017,D,11,D,2015,D,2,D,,A,154328,T,160306,T,155094,T,01,D,1,D,,A,,A,,A,,A,,A,1,D,2,D
20171,03499343,72,0,5,01,D,100,D,.0859,D,17461,D,5,D,359,D,,A,,A,,A,,A,0,D,354,D,356,D,,A,5,D,3,D,,A,,A,02,D,2012,D,1,D,,A,710,D,356,D,,A,01,D,,A,,A,,A,,A,,A,,A,1,D,2,D
20171,03500123,46,0,5,01,D,100,D,.0800,D,28253,D,15,D,270,D,,A,,A,,A,,A,0,D,180,D,181,D,182,D,90,D,89,D,88,D,,A,01,D,2007,D,1,D,,A,13496,D,13316,D,13135,D,01,D,,A,,A,,A,,A,,A,,A,1,D,2,D
20171,03501783,36,0,5,01,D,100,D,.0859,D,21839,D,5,D,449,D,,A,,A,,A,,A,0,D,340,D,342,D,345,D,109,D,107,D,104,D,,A,03,D,2015,D,1,D,,A,15232,D,14892,D,14550,D,01,D,,A,,A,,A,,A,,A,,A,1,D,2,D
20171,03502473,16,0,5,01,D,100,D,.0400,D,93000,D,12,D,900,D,3,D,4,D,,A,,A,86,D,514,D,516,D,518,D,300,D,298,D,296,D,,A,06,D,2016,D,1,D,,A,89951,D,89437,D,88921,D,01,D,,A,,A,,A,,A,,A,,A,1,D,2,D
20171,03502942,12,0,5,01,D,100,D,.0859,D,98483,D,15,D,975,D,3,D,4,D,,A,,A,0,D,845,D,851,D,858,D,130,D,124,D,117,D,,A,06,D,2003,D,1,D,,A,18109,D,17264,D,16413,D,01,D,,A,,A,,A,,A,,A,,A,1,D,2,D
20171,03504362,9,0,1,01,D,100,D,.0859,D,2525,D,15,D,25,D,,A,,A,,A,,A,0,D,20,D,20,D,20,D,5,D,5,D,5,D,,A,06,D,2004,D,1,D,,A,712,D,692,D,672,D,01,D,,A,,A,,A,,A,,A,,A,1,D,2,D
20171,03505682,21,0,5,01,D,100,D,.0400,D,8787,D,15,D,65,D,,A,,A,,A,,A,0,D,64,D,64,D,64,D,1,D,1,D,1,D,,A,03,D,2002,D,1,D,,A,321,D,257,D,193,D,01,D,,A,,A,,A,,A,,A,,A,1,D,2,D
20171,03506452,28,0,5,01,D,100,D,.0859,D,56240,D,10,D,700,D,3,D,4,D,,A,,A,0,D,494,D,497,D,501,D,206,D,203,D,199,D,,A,11,D,2010,D,1,D,,A,28845,D,28351,D,27854,D,01,D,,A,,A,,A,,A,,A,,A,1,D,2,D
20171,03507562,32,0,5,01,D,100,D,.0600,D,66000,D,10,D,770,D,3,D,,A,,A,,A,37,D,492,D,494,D,497,D,241,D,239,D,236,D,,A,06,D,2013,D,1,D,,A,48204,D,47712,D,47218,D,01,D,,A,,A,,A,,A,,A,,A,1,D,2,D
20171,03511842,19,0,5,01,D,100,D,.0859,D,50000,D,10,D,622,D,,A,,A,,A,,A,0,D,158,D,159,D,160,D,142,D,141,D,140,D,,A,04,D,2014,D,2,D,,A,41186,D,40859,D,40529,D,01,D,1,D,,A,,A,300,D,300,D,300,D,1,D,2,D
20171,03513062,40,0,5,01,D,100,D,.0859,D,60605,D,15,D,600,D,,A,,A,,A,,A,0,D,423,D,426,D,429,D,177,D,174,D,171,D,,A,11,D,2005,D,1,D,,A,24724,D,24301,D,23875,D,01,D,,A,,A,,A,,A,,A,,A,1,D,2,D
20171,03524812,17,0,5,01,D,100,D,.0859,D,27237,D,5,D,560,D,,A,,A,,A,,A,0,D,378,D,381,D,384,D,182,D,179,D,176,D,,A,06,D,2016,D,1,D,,A,25386,D,25007,D,24626,D,01,D,,A,,A,,A,,A,,A,,A,1,D,2,D
20171,03526512,27,0,5,01,D,100,D,.0450,D,24770,D,14,D,199,D,,A,,A,,A,,A,0,D,152,D,153,D,153,D,47,D,46,D,46,D,,A,11,D,2008,D,1,D,,A,12536,D,12384,D,12231,D,01,D,,A,,A,,A,,A,,A,,A,1,D,2,D
20171,03532242,20,0,5,01,D,100,D,.0859,F,84714,F,20,F,740,F,,C,,C,,C,,C,0,F,637,F,642,F,646,F,103,F,98,F,94,F,,A,07,F,1998,F,1,F,,A,14381,F,13744,F,13102,F,01,D,,A,,A,,A,,A,,A,,A,,C,,A
20171,03534612,28,0,5,01,D,200,D,.0725,D,49440,D,19,D,400,D,,A,,A,,A,,A,0,D,209,D,210,D,211,D,191,D,190,D,189,D,,A,11,D,2006,D,1,D,,A,31663,D,31454,D,31245,D,01,D,,A,,A,,A,,A,,A,,A,1,D,2,D
20171,03549422,21,0,5,01,D,100,D,.0859,D,40653,D,10,D,506,D,,A,,A,,A,,A,0,D,248,D,250,D,252,D,258,D,256,D,254,D,,A,04,D,2015,D,1,D,,A,36048,D,35800,D,35550,D,01,D,,A,,A,,A,,A,,A,,A,1,D,2,D
20171,03550072,40,0,5,01,D,100,D,.0474,D,40000,D,9,D,471,D,,B,,B,,B,,B,15,D,298,D,299,D,300,D,158,D,157,D,156,D,,A,12,D,2016,D,1,D,,A,40000,D,39702,D,39403,D,01,D,,A,,A,,A,,A,,A,,A,1,D,2,D
20171,03551212,27,0,1,01,D,100,D,.0500,D,21624,D,12,D,200,D,,A,,A,,A,,A,0,D,177,D,177,D,178,D,23,D,23,D,22,D,,A,06,D,2007,D,1,D,,A,5629,D,5452,D,5275,D,01,D,,A,,A,,A,,A,,A,,A,1,D,2,D
20171,03554342,38,0,5,01,D,100,D,.0525,D,20000,D,15,D,234,D,,B,,B,,B,,B,73,D,103,D,104,D,104,D,58,D,57,D,57,D,,A,06,D,2010,D,1,D,,A,13185,D,13082,D,12978,D,01,D,,A,,A,,A,,A,,A,,A,1,D,2,D
20171,03568901,21,0,1,01,D,100,D,.0420,D,70000,D,15,D,609,D,3,D,4,D,,A,,A,84,D,491,D,493,D,495,D,26,D,24,D,23,D,,A,05,D,2003,D,1,D,,A,9593,D,9102,D,8609,D,01,D,,A,,A,,A,,A,,A,,A,1,D,2,D
20171,03574321,17,0,1,01,D,100,D,.0859,F,98483,F,15,F,975,F,3,F,4,F,,A,,A,0,F,845,F,851,F,858,F,130,F,124,F,117,F,,A,06,F,2003,F,1,F,,A,18109,F,17264,F,16413,F,01,D,,A,,A,,A,,A,,A,,A,1,D,2,D
20171,03574821,13,0,1,01,D,100,D,.0859,F,84714,F,20,F,740,F,,C,,C,,C,,C,0,F,637,F,642,F,646,F,103,F,98,F,94,F,,A,07,F,1998,F,1,F,,A,14381,F,13744,F,13102,F,01,D,,C,,C,,C,,A,,A,,A,,C,,A
20171,03588601,25,0,1,01,D,100,D,.0859,D,325833,T,10,D,4555,T,3,D,,A,,A,,A,0,D,1033,T,,A,,A,93,D,,A,,A,,A,09,D,2007,D,2,D,,A,67034,D,60544,D,54007,D,01,D,1,D,,A,,A,8250,T,8250,T,1364,T,1,D,2,D
20171,03589831,38,0,1,01,D,100,D,.0859,D,40403,D,15,D,400,D,,A,,A,,A,,A,0,D,372,D,375,D,378,D,28,D,25,D,22,D,,A,09,D,2002,D,1,D,,A,3846,D,3474,D,3099,D,01,D,,A,,A,,A,,A,,A,,A,1,D,2,D
20171,03590831,41,0,1,01,D,100,D,.0859,D,6000,D,10,D,100,D,,B,,B,,B,,B,25,D,33,D,33,D,33,D,42,D,42,D,42,D,,A,09,D,2016,D,1,D,,A,5936,D,5903,D,5870,D,01,D,,A,,A,,A,,A,,A,,A,1,D,2,D
20171,03591041,17,0,1,01,D,100,D,.0400,F,100000,F,15,F,1029,F,,B,,B,,B,,B,289,F,452,F,454,F,455,F,288,F,286,F,285,F,,A,02,F,2014,F,1,F,,A,86291,F,85839,F,85385,F,01,D,,A,,A,,A,,A,,A,,A,1,D,2,D
20171,03591291,24,0,1,01,D,100,D,.0650,D,65000,D,15,D,600,D,,B,,B,,B,,B,34,D,324,D,326,D,328,D,242,D,240,D,238,D,,A,06,D,2010,D,1,D,,A,44629,D,44305,D,43979,D,01,D,,A,,A,,A,,A,,A,,A,1,D,2,D
20171,03592151,61,0,1,01,D,100,D,.0859,F,81000,F,10,F,1008,F,,A,,A,,A,,A,0,F,0,F,0,F,0,F,,A,,A,,A,,A,06,F,2008,F,2,F,,A,81000,F,81000,F,81000,F,01,D,,A,,A,3,D,235,F,235,F,235,F,,A,2,D
20171,03592581,8,0,1,01,D,100,D,.0859,D,26868,D,15,D,266,D,,A,,A,,A,,A,0,D,96,D,97,D,97,D,170,D,169,D,169,D,,A,10,D,2013,D,1,D,,A,23760,D,23664,D,23567,D,01,D,,A,,A,,A,,A,,A,,A,1,D,2,D
20171,03593181,27,0,1,01,D,100,D,.0490,D,40000,D,15,D,316,D,,B,,B,,B,,B,2,D,155,D,156,D,156,D,159,D,158,D,158,D,,A,04,D,2016,D,1,D,,A,38932,D,38777,D,38622,D,01,D,,A,,A,,A,,A,,A,,A,1,D,2,D
20171,03593641,19,0,1,01,D,300,D,.0859,D,130534,T,15,D,1100,D,3,D,4,D,,A,,A,110,D,282,T,676,T,681,T,698,D,696,D,693,D,,A,02,D,2016,D,1,D,,A,97461,D,97168,D,96874,D,01,D,,A,,A,,A,,A,,A,,A,1,D,2,D
20171,03593721,9,0,1,01,D,100,D,.0400,F,8787,F,15,F,65,F,,A,,A,,A,,A,0,F,64,F,64,F,64,F,1,F,1,F,1,F,,A,03,F,2002,F,1,F,,A,321,F,257,F,193,F,01,D,,A,,A,,A,,A,,A,,A,1,D,2,D
20171,03594031,14,0,1,01,D,100,D,.0859,F,84714,F,20,F,740,F,,C,,C,,C,,C,0,F,637,F,642,F,646,F,103,F,98,F,94,F,,A,07,F,1998,F,1,F,,A,14381,F,13744,F,13102,F,01,D,,C,,C,,C,,A,,A,,A,,C,,A
20171,03594521,20,0,1,01,D,100,D,.0859,D,81000,D,10,D,1008,D,,A,,A,,A,,A,0,D,0,D,0,D,0,D,,A,,A,,A,,A,06,D,2008,D,2,D,,A,81000,D,81000,D,81000,D,01,D,1,D,,A,,A,235,D,235,D,235,D,,A,2,D
20171,03595711,22,0,1,01,D,100,D,.0859,D,68291,D,10,D,850,D,,A,,A,,A,,A,0,D,361,D,364,D,366,D,489,D,486,D,484,D,,A,11,D,2016,D,1,D,,A,68291,D,67930,D,67566,D,01,D,,A,,A,,A,,A,,A,,A,1,D,2,D
20171,03597551,14,0,1,01,D,100,D,.0400,F,100000,F,15,F,1029,F,,B,,B,,B,,B,289,F,452,F,454,F,455,F,288,F,286,F,285,F,,A,02,F,2014,F,1,F,,A,86291,F,85839,F,85385,F,01,D,,A,,A,,A,,A,,A,,A,1,D,2,D
20171,03599261,19,0,1,01,D,100,D,.0859,D,70000,D,10,D,871,D,,A,,A,,A,,A,0,D,,A,,A,,A,,A,,A,,A,,A,09,D,2007,D,2,D,,A,7568,D,6751,D,5928,D,01,D,1,D,,A,,A,125,D,125,D,125,D,1,D,2,D
20171,03605901,45,0,1,01,D,100,D,.0500,D,40000,D,15,D,328,D,,B,,B,,B,,B,12,D,150,D,151,D,151,D,166,D,165,D,165,D,,A,11,D,2016,D,1,D,,A,39851,D,39701,D,39550,D,01,D,,A,,A,,A,,A,,A,,A,1,D,2,D
20171,03606801,33,0,1,01,D,100,D,.0500,D,24703,D,17,D,180,D,,A,,A,,A,,A,0,D,104,D,104,D,104,D,76,D,76,D,76,D,,A,01,D,2011,D,1,D,,A,18351,D,18247,D,18143,D,01,D,,A,,A,,A,,A,,A,,A,1,D,2,D
20171,03606861,16,0,1,01,D,100,D,.0400,F,130000,F,20,F,788,F,,A,,A,,A,,A,0,F,1033,V,1007,V,1013,V,139,F,135,F,132,F,,A,01,F,2000,F,2,F,,A,27379,F,26683,F,25984,F,01,D,1,D,,A,,A,1200,F,1200,F,1200,F,1,D,2,D
20171,03608781,17,0,1,01,D,100,D,.0859,D,21000,D,7,D,334,D,,A,,A,,A,,A,0,D,,A,,A,,A,,A,,A,,A,,A,01,D,2016,D,2,D,,A,18911,D,18713,D,18513,D,01,D,,C,,C,,C,264,D,264,D,264,D,1,D,2,D
20172,03441664,22,0,5,01,D,100,D,.0859,D,84714,D,20,D,740,D,,C,,C,,C,,C,0,D,503,D,507,D,511,D,237,D,233,D,229,D,,A,07,D,2001,D,1,D,,A,33046,D,32543,D,32036,D,01,D,,A,,A,,A,,A,,A,,A,,C,,A
20172,03441994,16,0,5,02,D,200,D,.0725,F,49440,F,19,F,400,F,,A,,A,,A,,A,0,F,213,F,214,F,215,F,187,F,186,F,185,F,,A,11,F,2006,F,1,F,,A,31033,F,30821,F,30607,F,01,D,,A,,A,,A,,A,,A,,A,1,D,2,D
20172,03442964,18,0,5,01,D,100,D,.0400,D,100000,D,15,D,1029,D,,B,,B,,B,,B,289,D,457,D,458,D,460,D,283,D,282,D,280,D,,A,02,D,2014,D,1,D,,A,84930,D,84473,D,84014,D,01,D,,A,,A,,A,,A,,A,,A,1,D,2,D
20172,03443054,30,0,5,01,D,100,D,.0859,D,137000,D,10,D,1705,D,,A,,A,,A,,A,0,D,703,D,708,D,713,D,497,D,492,D,487,D,,A,04,D,2013,D,2,D,,A,98694,D,97695,D,96689,D,01,D,1,D,,A,,A,800,D,800,D,1200,D,1,D,2,D
20172,03444804,22,0,5,01,D,100,D,.0560,D,65000,D,5,D,1245,D,,A,,A,,A,,A,0,D,838,D,842,D,846,D,162,D,158,D,154,D,,A,03,D,2015,D,2,D,,A,43246,D,42203,D,41155,D,01,D,1,D,,A,,A,1000,D,1000,D,1000,D,1,D,2,D
20172,03446804,28,0,5,01,D,100,D,.0859,D,4864,D,5,D,100,D,,A,,A,,A,,A,0,D,76,D,77,D,77,D,24,D,23,D,23,D,,A,03,D,2015,D,1,D,,A,3317,D,3241,D,3164,D,01,D,,A,,A,,A,,A,,A,,A,1,D,2,D
20172,03446904,41,0,5,01,D,100,D,.0859,D,7000,D,15,D,110,D,,B,,B,,B,,B,41,D,39,D,40,D,40,D,30,D,29,D,29,D,,A,06,D,2008,D,1,D,,A,4137,D,4098,D,4058,D,01,D,,A,,A,,A,,A,,A,,A,1,D,2,D
20172,03449274,14,0,5,01,D,100,D,.0859,D,64000,D,10,D,797,D,3,D,4,D,,A,,A,0,D,346,D,349,D,351,D,451,D,448,D,446,D,,A,10,D,2016,D,1,D,,A,62976,D,62630,D,62281,D,01,D,,A,,A,,A,,A,,A,,A,1,D,2,D
20172,03449794,22,0,5,01,D,100,D,.0600,D,20690,D,5,D,400,D,,A,,A,,A,,A,0,D,394,D,396,D,398,D,6,D,4,D,2,D,,A,04,D,2012,D,1,D,,A,1188,D,794,D,398,D,01,D,,A,,A,,A,,A,,A,,A,1,D,2,D
20172,03450234,38,0,5,01,D,100,D,.0859,D,26433,D,10,D,329,D,,A,,A,,A,,A,0,D,208,D,210,D,211,D,121,D,119,D,118,D,,A,05,D,2012,D,1,D,,A,16845,D,16637,D,16427,D,01,D,,A,,A,,A,,A,,A,,A,1,D,2,D
20172,03450314,11,0,5,01,D,100,D,.0400,F,45000,F,15,F,368,F,,B,,B,,B,,B,35,F,184,F,185,F,185,F,149,F,148,F,148,F,,A,11,F,2016,F,1,F,,A,44633,F,44449,F,44264,F,01,D,,C,,C,,C,,A,,A,,A,,C,,A
20172,03461064,14,0,5,01,D,100,D,.0460,D,26000,D,10,D,290,D,,B,,B,,B,,B,19,D,176,D,177,D,177,D,95,D,94,D,94,D,,A,07,D,2016,D,1,D,,A,24787,D,24611,D,24434,D,01,D,,A,,A,,A,,A,,A,,A,1,D,2,D
20172,03461724,24,0,5,01,D,100,D,.0859,D,33000,D,15,D,327,D,,A,,A,,A,,A,0,D,191,D,192,D,194,D,47,D,46,D,44,D,,A,09,D,2004,D,2,D,,A,9054,D,8792,D,8528,D,01,D,1,D,,A,,A,240,D,239,D,238,D,1,D,2,D
20172,03462084,14,0,5,01,D,100,D,.0859,D,50000,D,10,D,622,D,,A,,A,,A,,A,0,D,152,D,153,D,155,D,110,D,109,D,107,D,,A,06,D,2013,D,2,D,,A,36381,D,36020,D,35655,D,01,D,1,D,,A,,A,262,D,262,D,262,D,1,D,2,D
20172,03465334,11,0,5,01,D,100,D,.0859,F,30128,F,10,F,375,F,,A,,A,,A,,A,0,F,290,F,292,F,294,F,85,F,83,F,81,F,,A,01,F,2010,F,1,F,,A,11863,F,11573,F,11281,F,01,D,,A,,A,,A,,A,,A,,A,1,D,2,D
20172,03466854,14,0,5,01,D,100,D,.0400,D,18766,D,10,D,190,D,,A,,A,,A,,A,0,D,134,D,134,D,134,D,56,D,56,D,56,D,,A,12,D,2015,D,1,D,,A,16943,D,16809,D,16675,D,01,D,,A,,A,,A,,A,,A,,A,1,D,2,D
20172,03467294,17,0,1,01,D,100,D,.0554,D,150000,D,20,D,1100,D,,B,,B,,B,,B,65,D,521,D,523,D,526,D,514,D,512,D,509,D,,A,07,D,2009,D,1,D,,A,111373,D,160306,T,155094,T,01,D,,A,,A,,A,,A,,A,,A,1,D,2,D
20172,03467934,14,0,5,01,D,100,D,.0500,D,17000,D,20,D,170,D,,B,,B,,B,,B,58,D,51,D,51,D,52,D,61,D,61,D,60,D,,A,10,D,2012,D,1,D,,A,14615,D,14564,D,14513,D,01,D,,A,,A,,A,,A,,A,,A,1,D,2,D
20172,03469394,8,0,5,01,D,100,D,.0500,D,45000,D,10,D,477,D,,A,,A,,A,,A,0,D,327,D,329,D,330,D,58,D,56,D,55,D,,A,05,D,2010,D,2,D,,A,17148,D,16742,D,16335,D,01,D,1,D,,A,,A,385,D,385,D,385,D,1,D,2,D
20172,03469464,52,0,5,01,D,100,D,.0859,D,101,D,15,D,1,D,,A,,A,,A,,A,0,D,1,D,1,D,1,D,0,D,0,D,0,D,,A,06,D,2005,D,1,D,,A,35,D,34,D,33,D,01,D,,A,,A,,A,,A,,A,,A,1,D,2,D
20172,03491964,16,0,5,01,D,100,D,.0859,D,17000,D,15,D,250,D,,B,,B,,B,,B,82,D,120,D,120,D,121,D,48,D,48,D,47,D,,A,02,D,2006,D,1,D,,A,6764,D,6645,D,6524,D,01,D,,A,,A,,A,,A,,A,,A,1,D,2,D
20172,03492054,16,0,5,01,D,100,D,.0859,D,50000,D,10,D,622,D,,A,,A,,A,,A,0,D,,A,,A,,A,,A,,A,,A,,A,05,D,2017,D,2,D,,A,50523,D,50263,D,50000,D,01,D,1,D,,A,,A,0,D,0,D,207,D,1,D,2,D
20172,03493064,18,0,5,01,D,100,D,.0859,D,121209,D,15,D,1200,D,,A,,A,,A,,A,0,D,822,D,828,D,834,D,378,D,372,D,366,D,,A,08,D,2006,D,1,D,,A,52771,D,51948,D,51120,D,01,D,,A,,A,,A,,A,,A,,A,1,D,2,D
20172,03495424,14,0,5,01,D,100,D,.0400,D,130000,D,20,D,788,D,,A,,A,,A,,A,0,D,0,D,0,D,0,D,0,D,0,D,0,D,,A,01,D,2000,D,2,D,,A,25283,D,24579,D,23873,D,01,D,1,D,,A,,A,0,D,0,D,0,D,1,D,2,D
20172,03495554,65,0,5,01,D,100,D,.0859,D,50000,D,10,D,622,D,,A,,A,,A,,A,0,D,337,D,339,D,341,D,285,D,283,D,281,D,,A,05,D,2014,D,1,D,,A,39875,D,39538,D,39199,D,01,D,,A,,A,,A,,A,,A,,A,1,D,2,D
20172,03495944,36,0,5,01,D,100,D,.0859,D,80000,D,10,D,1100,D,,B,,B,,B,,B,104,D,683,D,688,D,693,D,313,D,308,D,303,D,,A,08,D,2011,D,1,D,032017,D,43767,D,43084,D,42396,D,01,D,,A,,A,,A,,A,,A,,A,1,D,2,D
20172,03496274,31,0,5,01,D,100,D,.0859,D,14000,D,15,D,2000,D,,B,,B,,B,,B,1861,D,39,D,40,D,40,D,100,D,99,D,99,D,,A,01,D,2017,D,1,D,,A,13922,D,13883,D,13843,D,01,D,,A,,A,,A,,A,,A,,A,1,D,2,D
20172,03500124,49,0,5,01,D,100,D,.0800,D,28253,D,15,D,270,D,,A,,A,,A,,A,0,D,173,D,174,D,175,D,97,D,96,D,95,D,,A,10,D,2007,D,1,D,,A,14551,D,14378,D,14204,D,01,D,,A,,A,,A,,A,,A,,A,1,D,2,D
20172,03501784,33,0,5,01,D,100,D,.0859,D,21839,D,5,D,449,D,,A,,A,,A,,A,0,D,347,D,350,D,352,D,102,D,99,D,97,D,,A,03,D,2015,D,1,D,,A,14205,D,13858,D,13508,D,01,D,,A,,A,,A,,A,,A,,A,1,D,2,D
20172,03502474,14,0,5,01,D,100,D,.0859,F,98483,F,15,F,975,F,3,F,4,F,,A,,A,0,F,864,F,870,F,876,F,111,F,105,F,99,F,,A,06,F,2003,F,1,F,,A,15555,F,14691,F,13822,F,01,D,,A,,A,,A,,A,,A,,A,1,D,2,D
20172,03502943,12,0,5,01,D,100,D,.0859,D,98483,D,15,D,975,D,3,D,4,D,,A,,A,0,D,864,D,870,D,876,D,111,D,105,D,99,D,,A,06,D,2003,D,1,D,,A,15555,D,14691,D,13822,D,01,D,,A,,A,,A,,A,,A,,A,1,D,2,D
20172,03505683,17,0,5,01,D,100,D,.0400,D,8787,D,15,D,65,D,,A,,A,,A,,A,0,D,65,D,65,D,,A,0,D,0,D,,A,,A,03,D,2002,D,1,D,,A,128,D,64,D,,A,01,D,,A,,A,,A,,A,,A,,A,1,D,2,D
20172,03506453,19,0,5,01,D,100,D,.0859,D,34047,D,5,D,700,D,3,D,4,D,,A,,A,0,D,,A,,A,,A,,A,,A,,A,,A,07,D,2010,D,1,D,,A,,A,,A,,A,01,D,,A,,A,,A,,A,,A,,A,1,D,2,D
20172,03506683,32,0,5,03,D,300,D,.0859,D,130534,T,10,D,4555,T,3,D,4,D,,A,,A,0,D,,A,676,T,681,T,,A,1941,D,1931,D,,A,02,D,2017,D,1,D,,A,,A,160306,T,155094,T,01,D,,A,,A,,A,,A,,A,,A,1,D,2,D
20172,03507563,27,0,5,01,D,100,D,.0600,D,66000,D,10,D,770,D,3,D,,A,,A,,A,37,D,499,D,502,D,504,D,234,D,231,D,229,D,,A,06,D,2013,D,1,D,,A,46721,D,46221,D,45719,D,01,D,,A,,A,,A,,A,,A,,A,1,D,2,D
20172,03511383,21,0,5,01,D,100,D,.0859,D,16792,D,10,D,209,D,,A,,A,,A,,A,0,D,,A,89,D,89,D,,A,120,D,120,D,,A,02,D,2017,D,1,D,,A,,A,16792,D,16703,D,01,D,,A,,A,,A,,A,,A,,A,1,D,2,D
20172,03511843,29,0,5,01,D,100,D,.0859,D,50000,D,10,D,622,D,,A,,A,,A,,A,0,D,256,D,258,D,259,D,244,D,242,D,241,D,,A,11,D,2014,D,2,D,,A,42473,D,42155,D,41834,D,01,D,1,D,,A,,A,500,D,880,D,500,D,1,D,2,D
20172,03513063,28,0,5,01,D,100,D,.0859,D,60605,D,15,D,600,D,,A,,A,,A,,A,0,D,432,D,435,D,438,D,168,D,165,D,162,D,,A,11,D,2005,D,1,D,,A,23446,D,23014,D,22579,D,01,D,,A,,A,,A,,A,,A,,A,1,D,2,D
20172,03526513,22,0,5,01,D,100,D,.0450,D,24770,D,14,D,199,D,,A,,A,,A,,A,0,D,157,D,157,D,158,D,42,D,42,D,41,D,,A,06,D,2008,D,1,D,,A,11304,D,11147,D,10990,D,01,D,,A,,A,,A,,A,,A,,A,1,D,2,D
20172,03532323,24,0,5,01,D,100,D,.0859,F,81000,F,10,F,1008,F,,A,,A,,A,,A,0,F,0,F,0,F,0,F,240,F,240,F,240,F,,A,06,F,2008,F,2,F,,A,81000,F,81000,F,81000,F,01,D,,A,2,D,,A,240,F,240,F,240,F,,A,2,D
20172,03534613,21,0,5,01,D,200,D,.0725,D,49440,D,19,D,400,D,,A,,A,,A,,A,0,D,213,D,214,D,215,D,187,D,186,D,185,D,,A,11,D,2006,D,1,D,,A,31033,D,30821,D,30607,D,01,D,,A,,A,,A,,A,,A,,A,1,D,2,D
20172,03549423,31,0,5,01,D,100,D,.0859,D,40653,D,10,D,506,D,,A,,A,,A,,A,0,D,253,D,255,D,257,D,253,D,251,D,249,D,,A,04,D,2015,D,1,D,,A,35299,D,35045,D,34790,D,01,D,,A,,A,,A,,A,,A,,A,1,D,2,D
20172,03550073,52,0,5,01,D,100,D,.0474,D,40000,D,9,D,471,D,,B,,B,,B,,B,15,D,302,D,303,D,304,D,154,D,153,D,152,D,,A,12,D,2016,D,1,D,,A,39102,D,38801,D,38498,D,01,D,,A,,A,,A,,A,,A,,A,1,D,2,D
20172,03554343,17,0,5,01,D,100,D,.0525,D,20000,D,15,D,234,D,,B,,B,,B,,B,73,D,105,D,105,D,106,D,56,D,56,D,55,D,,A,06,D,2010,D,1,D,,A,12874,D,12769,D,12664,D,01,D,,A,,A,,A,,A,,A,,A,1,D,2,D
20172,03568902,21,0,5,01,D,100,D,.0420,D,70000,D,15,D,609,D,3,D,4,D,,A,,A,84,D,497,D,498,D,500,D,25,D,24,D,22,D,,A,05,D,2003,D,1,D,,A,8114,D,7617,D,7119,D,01,D,,A,,A,,A,,A,,A,,A,1,D,2,D
20172,03574822,17,0,5,01,D,100,D,.0859,F,84714,F,20,F,740,F,,C,,C,,C,,C,0,F,503,F,507,F,511,F,237,F,233,F,229,F,,A,07,F,2001,F,1,F,,A,33046,F,32543,F,32036,F,01,D,,C,,C,,C,,A,,A,,A,,C,,A
20172,03588602,30,0,5,01,D,100,D,.0859,D,325833,T,10,D,4555,T,3,D,,A,,A,,A,0,D,,A,,A,,A,,A,,A,,A,,A,09,D,2007,D,2,D,,A,47424,D,40793,D,34115,D,01,D,1,D,,A,,A,,A,,A,,A,1,D,2,D
20172,03589832,48,0,5,01,D,100,D,.0859,D,40403,D,15,D,400,D,,A,,A,,A,,A,0,D,375,D,378,D,381,D,25,D,22,D,19,D,,A,11,D,2002,D,1,D,,A,3474,D,3099,D,2721,D,01,D,,A,,A,,A,,A,,A,,A,1,D,2,D
20172,03590832,46,0,5,01,D,100,D,.0859,D,6000,D,10,D,100,D,,B,,B,,B,,B,25,D,33,D,33,D,34,D,42,D,42,D,41,D,,A,09,D,2016,D,1,D,,A,5837,D,5804,D,5771,D,01,D,,A,,A,,A,,A,,A,,A,1,D,2,D
20172,03592152,82,0,5,01,D,100,D,.0859,F,81000,F,10,F,1008,F,,A,,A,,A,,A,0,F,0,F,0,F,0,F,240,F,240,F,240,F,,A,06,F,2008,F,2,F,,A,81000,F,81000,F,81000,F,01,D,,A,,A,3,D,240,F,240,F,240,F,,A,2,D
20172,03592582,10,0,5,01,D,100,D,.0859,D,26868,D,15,D,266,D,,A,,A,,A,,A,0,D,175,D,176,D,177,D,91,D,90,D,89,D,,A,01,D,2007,D,1,D,,A,12764,D,12590,D,12414,D,01,D,,A,,A,,A,,A,,A,,A,1,D,2,D
20172,03593182,25,0,5,01,D,100,D,.0490,D,40000,D,15,D,316,D,,B,,B,,B,,B,2,D,157,D,158,D,158,D,157,D,156,D,156,D,,A,04,D,2016,D,1,D,,A,38465,D,38308,D,38151,D,01,D,,A,,A,,A,,A,,A,,A,1,D,2,D
20172,03593642,28,0,5,01,D,300,D,.0859,D,130534,T,15,D,1100,D,3,D,4,D,,A,,A,110,D,282,T,676,T,681,T,691,D,689,D,687,D,,A,02,D,2016,D,1,D,,A,96577,D,96279,D,95978,D,01,D,,A,,A,,A,,A,,A,,A,1,D,2,D
20172,03593722,16,0,5,01,D,100,D,.0859,F,40403,F,15,F,400,F,,A,,A,,A,,A,0,F,375,F,378,F,381,F,25,F,22,F,19,F,,A,11,F,2002,F,1,F,,A,3474,F,3099,F,2721,F,01,D,,A,,A,,A,,A,,A,,A,1,D,2,D
20172,03594032,20,0,5,01,D,100,D,.0400,F,45000,F,15,F,368,F,,B,,B,,B,,B,35,F,184,F,185,F,185,F,149,F,148,F,148,F,,A,11,F,2016,F,1,F,,A,44633,F,44449,F,44264,F,01,D,,C,,C,,C,,A,,A,,A,,C,,A
20172,03594522,17,0,5,01,D,100,D,.0859,D,81000,D,10,D,1008,D,,A,,A,,A,,A,0,D,0,D,0,D,0,D,240,D,240,D,240,D,,A,06,D,2008,D,2,D,,A,81000,D,81000,D,81000,D,01,D,1,D,,A,,A,240,D,240,D,240,D,,A,2,D
20172,03595712,25,0,5,01,D,100,D,.0859,D,68291,D,10,D,850,D,,A,,A,,A,,A,0,D,369,D,372,D,374,D,481,D,478,D,476,D,,A,11,D,2016,D,1,D,,A,67200,D,66831,D,66459,D,01,D,,A,,A,,A,,A,,A,,A,1,D,2,D
20172,03597232,13,0,1,01,D,100,D,.0859,D,40000,D,15,D,2000,D,3,D,4,D,,A,,A,1604,D,168,D,169,D,171,D,228,D,227,D,225,D,,A,02,D,2012,D,1,D,,A,31817,D,31649,D,31479,D,01,D,,A,,A,,A,,A,,A,,A,1,D,2,D
20172,03597552,25,0,5,01,D,100,D,.0480,F,110000,F,15,F,935,F,,B,,B,,B,,B,77,F,616,F,618,F,621,F,242,F,240,F,237,F,,A,02,F,2009,F,1,F,,A,60583,F,59967,F,59349,F,01,D,,A,,A,,A,,A,,A,,A,1,D,2,D
20172,03599262,22,0,5,01,D,100,D,.0859,D,70000,D,10,D,871,D,,A,,A,,A,,A,0,D,0,D,0,D,0,D,0,D,0,D,0,D,,A,09,D,2007,D,2,D,,A,5099,D,4264,D,3424,D,01,D,1,D,,A,,A,0,D,0,D,0,D,1,D,2,D
20172,03602002,24,0,1,01,D,100,D,.0859,D,20000,D,5,D,925,D,,B,,B,,B,,B,514,D,313,D,316,D,318,D,98,D,95,D,93,D,,A,05,D,2015,D,1,D,,A,13643,D,13330,D,13014,D,01,D,,A,,A,,A,,A,,A,,A,1,D,2,D
20172,03606802,32,0,5,01,D,100,D,.0500,D,24703,D,17,D,180,D,,A,,A,,A,,A,0,D,105,D,105,D,106,D,75,D,75,D,74,D,,A,01,D,2011,D,1,D,,A,18039,D,17934,D,17829,D,01,D,,A,,A,,A,,A,,A,,A,1,D,2,D
20172,03606862,19,0,5,01,D,100,D,.0400,F,130000,F,20,F,788,F,,A,,A,,A,,A,0,F,0,F,0,F,0,F,0,F,0,F,0,F,,A,01,F,2000,F,2,F,,A,25283,F,24579,F,23873,F,01,D,1,D,,A,,A,0,F,0,F,0,F,1,D,2,D
20172,03608782,20,0,5,01,D,100,D,.0859,D,21000,D,7,D,334,D,,A,,A,,A,,A,0,D,0,D,0,D,0,D,0,D,0,D,0,D,,A,01,D,2016,D,2,D,,A,18312,D,18110,D,17906,D,01,D,,C,,C,,C,0,D,0,D,0,D,1,D,2,D
20172,03641871,49,0,1,01,D,100,D,.0859,D,27638,D,10,D,344,D,,A,,A,,A,,A,0,D,216,D,218,D,219,D,128,D,126,D,125,D,,A,06,D,2012,D,1,D,,A,17829,D,17613,D,17395,D,01,D,,A,,A,,A,,A,,A,,A,1,D,2,D
20172,03642731,22,0,1,01,D,100,D,.0859,D,17753,D,5,D,365,D,,A,,A,,A,,A,0,D,328,D,330,D,333,D,37,D,35,D,32,D,,A,04,D,2013,D,1,D,,A,5174,D,4846,D,4516,D,01,D,,A,,A,,A,,A,,A,,A,1,D,2,D
20172,03643621,8,0,1,01,D,100,D,.0400,D,45000,D,15,D,368,D,,B,,B,,B,,B,35,D,184,D,185,D,185,D,149,D,148,D,148,D,,A,11,D,2016,D,1,D,,A,44633,D,44449,D,44264,D,01,D,,A,,A,,A,,A,,A,,A,,C,,A
20172,03643631,27,0,1,01,D,100,D,.0859,F,33000,F,15,F,327,F,,A,,A,,A,,A,0,F,191,F,192,F,194,F,47,F,46,F,44,F,,A,09,F,2004,F,2,F,,A,9054,F,8792,F,8528,F,01,D,,A,,A,,A,240,F,239,F,238,F,1,D,2,D
20172,03644651,16,0,1,01,D,100,D,.0400,D,50000,D,12,D,529,D,,B,,B,,B,,B,91,D,276,D,277,D,278,D,162,D,161,D,160,D,,A,08,D,2016,D,1,D,,A,48634,D,48358,D,48082,D,01,D,,A,,A,,A,,A,,A,,A,1,D,2,D
20172,03647971,16,0,1,01,D,100,D,.0859,D,30128,D,10,D,375,D,,A,,A,,A,,A,0,D,290,D,292,D,294,D,85,D,83,D,81,D,,A,01,D,2010,D,1,D,,A,11863,D,11573,D,11281,D,01,D,,A,,A,,A,,A,,A,,A,1,D,2,D
20172,03649701,14,0,1,01,D,100,D,.0859,F,21000,F,7,F,334,F,,A,,A,,A,,A,0,F,0,F,0,F,0,F,0,F,0,F,0,F,,A,01,F,2016,F,2,F,,A,18312,F,18110,F,17906,F,01,D,,A,,A,,A,0,F,0,F,0,F,1,D,2,D
20172,03657331,67,0,1,01,D,100,D,.0859,D,97675,D,15,D,967,D,,A,,A,,A,,A,0,D,367,D,369,D,372,D,600,D,598,D,595,D,,A,06,D,2013,D,1,D,,A,83882,D,83515,D,83146,D,01,D,,A,,A,,A,,A,,A,,A,1,D,2,D
20172,03657331,68,0,1,01,D,100,D,.0859,D,38652,D,12,D,431,D,,A,,A,,A,,A,0,D,,A,,A,154,D,,A,,A,277,D,,A,04,D,2017,D,1,D,,A,,A,,A,38652,D,02,D,,A,,A,,A,,A,,A,,A,1,D,2,D
20172,03658181,11,0,1,01,D,100,D,.0859,F,81000,F,10,F,1008,F,,A,,A,,A,,A,0,F,0,F,0,F,0,F,240,F,240,F,240,F,,A,06,F,2008,F,2,F,,A,81000,F,81000,F,81000,F,01,D,,C,,C,,C,240,F,240,F,240,F,,A,2,D
20172,03659681,25,0,1,01,D,100,D,.0500,D,84195,D,7,D,1190,D,,A,,A,,A,,A,0,D,897,D,901,D,904,D,293,D,289,D,286,D,,A,10,D,2015,D,1,D,,A,70340,D,69443,D,68543,D,01,D,,A,,A,,A,,A,,A,,A,1,D,2,D
20172,03660951,22,0,1,01,D,100,D,.0800,D,64982,D,15,D,621,D,,A,,A,,A,,A,0,D,417,D,420,D,422,D,204,D,201,D,199,D,,A,03,D,2007,D,1,D,,A,30627,D,30210,D,29791,D,01,D,,A,,A,,A,,A,,A,,A,1,D,2,D
20172,03661601,12,0,1,01,D,100,D,.0859,D,28016,D,5,D,576,D,,A,,A,,A,,A,0,D,475,D,478,D,482,D,101,D,98,D,94,D,,A,06,D,2014,D,1,D,,A,14096,D,13621,D,13143,D,01,D,,A,,A,,A,,A,,A,,A,1,D,2,D
20172,03662631,12,0,1,01,D,100,D,.0400,F,18766,F,10,F,190,F,,A,,A,,A,,A,0,F,134,F,134,F,134,F,56,F,56,F,56,F,,A,12,F,2015,F,1,F,,A,16943,F,16809,F,16675,F,01,D,,A,,A,,A,,A,,A,,A,1,D,2,D
20172,03662671,9,0,1,01,D,100,D,.0450,D,50000,D,12,D,450,D,,A,,A,,A,,A,0,D,368,D,369,D,370,D,82,D,81,D,80,D,,A,09,D,2009,D,1,D,,A,21961,D,21593,D,21224,D,01,D,,A,,A,,A,,A,,A,,A,1,D,2,D
20172,03663191,38,0,1,01,D,100,D,.0859,D,7793,D,10,D,97,D,,A,,A,,A,,A,0,D,74,D,75,D,75,D,23,D,22,D,22,D,,A,05,D,2010,D,1,D,,A,3217,D,3143,D,3068,D,01,D,,A,,A,,A,,A,,A,,A,1,D,2,D
20172,03663281,21,0,1,01,D,100,D,.0480,D,110000,D,15,D,935,D,,B,,B,,B,,B,77,D,616,D,618,D,621,D,242,D,240,D,237,D,,A,02,D,2009,D,1,D,,A,60583,D,59967,D,59349,D,01,D,,A,,A,,A,,A,,A,,A,1,D,2,D
20172,03664481,9,0,1,01,D,100,D,.0450,F,325833,V,,A,,A,3,F,,A,,A,,A,187,F,,A,,A,,A,,A,,A,,A,,A,06,F,2017,D,2,D,,A,,A,,A,,A,01,D,,C,,C,,C,1200,F,1200,F,1200,F,,C,,A
20172,03665151,10,0,1,01,D,100,D,.0400,D,67000,D,20,D,588,D,,B,,B,,B,,B,182,D,219,D,219,D,220,D,187,D,187,D,186,D,,A,09,D,2012,D,1,D,,A,56212,D,55993,D,55774,D,01,D,,A,,A,,A,,A,,A,,A,1,D,2,D
20172,03666761,26,0,1,01,D,100,D,.0859,D,14900,D,10,D,185,D,,A,,A,,A,,A,0,D,,A,,A,,A,,A,,A,,A,,A,05,D,2015,D,2,D,,A,13030,D,12938,D,12845,D,01,D,1,D,,A,,A,1000,D,1000,D,1000,D,1,D,2,D
20172,03668601,10,0,1,01,D,100,D,.0859,D,58971,D,10,D,734,D,,A,,A,,A,,A,0,D,669,D,674,D,679,D,65,D,60,D,55,D,,A,04,D,2008,D,1,D,,A,9080,D,8411,D,7737,D,01,D,,A,,A,,A,,A,,A,,A,1,D,2,D
20172,03669451,27,0,1,01,D,100,D,.0859,D,75000,D,15,D,743,D,,A,,A,,A,,A,0,D,,A,,A,,A,,A,,A,,A,,A,11,D,2006,D,2,D,,A,34158,D,33660,D,33158,D,01,D,1,D,,A,,A,500,D,500,D,500,D,1,D,2,D
20172,03670011,8,0,1,01,D,100,D,.0859,D,30302,D,15,D,300,D,,A,,A,,A,,A,0,D,144,D,145,D,146,D,156,D,155,D,154,D,,A,10,D,2010,D,1,D,,A,21807,D,21663,D,21518,D,01,D,,A,,A,,A,,A,,A,,A,1,D,2,D
20172,03670221,16,0,1,01,D,100,D,.0400,D,45000,D,10,D,456,D,,A,,A,,A,,A,0,D,,A,,A,,A,,A,,A,,A,,A,04,D,2010,D,2,D,,A,15834,D,15432,D,15027,D,01,D,1,D,,A,,A,200,D,200,D,200,D,1,D,2,D
20173,03502944,10,0,5,01,D,100,D,.0859,D,98483,D,15,D,975,D,3,D,4,D,,A,,A,0,D,882,D,889,D,895,D,93,D,86,D,80,D,,A,06,D,2003,D,1,D,,A,12945,D,12063,D,11175,D,01,D,,A,,A,,A,,A,,A,,A,1,D,2,D
20173,03506454,19,0,5,01,D,100,D,.0859,D,34047,D,5,D,700,D,3,D,4,D,,A,,A,0,D,,A,,A,,A,,A,,A,,A,,A,11,D,2010,D,1,D,,A,,A,,A,,A,01,D,,A,,A,,A,,A,,A,,A,1,D,2,D
20173,03507564,23,0,5,01,D,100,D,.0600,D,66000,D,10,D,770,D,3,D,,A,,A,,A,37,D,507,D,509,D,512,D,226,D,224,D,221,D,,A,06,D,2013,D,1,D,,A,45215,D,44708,D,44199,D,01,D,,A,,A,,A,,A,,A,,A,1,D,2,D
20173,03511384,25,0,5,01,D,100,D,.0859,D,16792,D,10,D,209,D,,A,,A,,A,,A,0,D,90,D,91,D,91,D,119,D,118,D,118,D,,A,02,D,2017,D,1,D,,A,16614,D,16524,D,16433,D,01,D,,A,,A,,A,,A,,A,,A,1,D,2,D
20173,03511844,21,0,5,01,D,100,D,.0859,D,50000,D,10,D,622,D,,A,,A,,A,,A,0,D,259,D,261,D,263,D,241,D,239,D,237,D,,A,12,D,2014,D,2,D,,A,41834,D,41511,D,41186,D,01,D,1,D,,A,,A,500,D,500,D,500,D,1,D,2,D
20173,03513064,49,0,5,01,D,100,D,.0859,D,60605,D,15,D,600,D,,A,,A,,A,,A,0,D,442,D,445,D,448,D,158,D,155,D,152,D,,A,11,D,2005,D,1,D,,A,22140,D,21699,D,21254,D,01,D,,A,,A,,A,,A,,A,,A,1,D,2,D
20173,03524724,14,0,5,01,D,100,D,.0859,F,50000,F,10,F,1000,F,,B,,B,,B,,B,378,F,302,F,305,F,307,F,320,F,317,F,315,F,,A,10,F,2015,F,1,F,,A,44646,F,44343,F,44039,F,01,D,,A,,A,,A,,A,,A,,A,1,D,2,D
20173,03524814,38,0,5,01,D,100,D,.0859,D,44992,D,10,D,560,D,,A,,A,,A,,A,0,D,257,D,259,D,261,D,303,D,301,D,299,D,,A,06,D,2016,D,1,D,,A,42279,D,42022,D,41762,D,01,D,,A,,A,,A,,A,,A,,A,1,D,2,D
20173,03526514,27,0,5,01,D,100,D,.0450,D,24770,D,14,D,199,D,,A,,A,,A,,A,0,D,160,D,160,D,161,D,39,D,39,D,38,D,,A,04,D,2008,D,1,D,,A,10515,D,10355,D,10195,D,01,D,,A,,A,,A,,A,,A,,A,1,D,2,D
20173,03532324,26,0,5,01,D,100,D,.0859,F,81000,F,,A,,A,,A,,A,,A,,A,335,F,435,F,438,F,441,F,574,F,571,F,567,F,,A,02,F,2017,D,2,D,,A,79706,F,79268,F,78827,F,01,D,,A,2,D,,A,1250,D,1300,D,1364,T,,A,2,D
20173,03534614,21,0,5,01,D,200,D,.0725,D,49440,D,19,D,400,D,,A,,A,,A,,A,0,D,216,D,218,D,219,D,184,D,182,D,181,D,,A,11,D,2006,D,1,D,,A,30392,D,30176,D,29958,D,01,D,,A,,A,,A,,A,,A,,A,1,D,2,D
20173,03549424,31,0,5,01,D,100,D,.0859,D,40653,D,10,D,506,D,,A,,A,,A,,A,0,D,259,D,261,D,263,D,247,D,245,D,243,D,,A,04,D,2015,D,1,D,,A,34533,D,34274,D,34014,D,01,D,,A,,A,,A,,A,,A,,A,1,D,2,D
20173,03550074,41,0,5,01,D,100,D,.0474,D,40000,D,9,D,471,D,,B,,B,,B,,B,15,D,305,D,306,D,308,D,151,D,150,D,148,D,,A,12,D,2016,D,1,D,,A,38194,D,37889,D,37583,D,01,D,,A,,A,,A,,A,,A,,A,1,D,2,D
20173,03554344,14,0,5,01,D,100,D,.0525,D,20000,D,15,D,234,D,,B,,B,,B,,B,73,D,106,D,107,D,107,D,55,D,54,D,54,D,,A,06,D,2010,D,1,D,,A,12558,D,12452,D,12346,D,01,D,,A,,A,,A,,A,,A,,A,1,D,2,D
20173,03568903,22,0,5,01,D,100,D,.0420,D,70000,D,15,D,609,D,3,D,4,D,,A,,A,84,D,502,D,504,D,505,D,17,D,16,D,15,D,,A,05,D,2003,D,1,D,,A,6619,D,6117,D,5613,D,01,D,,A,,A,,A,,A,,A,,A,1,D,2,D
20173,03574353,9,0,1,01,D,100,D,.0600,D,20000,D,15,D,169,D,,A,,A,,A,,A,0,D,,A,,A,,A,,A,,A,,A,,A,06,D,2010,D,2,D,,A,13050,D,12947,D,12843,D,01,D,,A,,A,3,D,200,D,200,D,200,D,1,D,2,D
20173,03574823,12,0,5,01,D,100,D,.0859,F,20000,F,15,F,206,F,,B,,B,,B,,B,8,F,85,F,85,F,86,F,113,F,113,F,112,F,,A,04,F,2012,F,1,F,,A,15824,F,15740,F,15654,F,01,D,,C,,C,,C,,A,,A,,A,,C,,A
20173,03577093,23,0,5,01,D,100,D,.0859,D,105000,D,15,D,1256,D,,B,,B,,B,,B,216,D,929,D,936,D,942,D,111,D,104,D,98,D,,A,08,D,2003,D,1,D,,A,15514,D,14586,D,13650,D,01,D,,A,,A,,A,,A,,A,,A,1,D,2,D
20173,03588603,35,0,5,01,D,100,D,.0859,D,325833,T,10,D,4555,T,3,D,,A,,A,,A,0,D,,A,,A,,A,,A,,A,,A,,A,09,D,2007,D,2,D,,A,27389,D,20615,D,13792,D,01,D,1,D,,A,,A,,A,,A,,A,1,D,2,D
20173,03589833,41,0,5,01,D,100,D,.0859,D,40403,D,15,D,400,D,,A,,A,,A,,A,0,D,397,D,,A,,A,3,D,,A,,A,,A,06,D,2002,D,1,D,,A,397,D,,A,,A,01,D,,A,,A,,A,,A,,A,,A,1,D,2,D
20173,03590833,39,0,5,01,D,100,D,.0859,D,6000,D,10,D,100,D,,B,,B,,B,,B,25,D,34,D,34,D,34,D,41,D,41,D,41,D,,A,09,D,2016,D,1,D,,A,5737,D,5703,D,5669,D,01,D,,A,,A,,A,,A,,A,,A,1,D,2,D
20173,03592153,56,0,5,01,D,100,D,.0859,F,45000,D,,A,349,D,,A,,A,,A,,A,0,F,86,F,86,F,87,F,263,F,263,F,262,F,,A,06,F,2008,F,1,D,,A,36696,F,36610,F,36523,F,01,D,,A,,A,3,D,,A,,A,,A,,A,2,D
20173,03592583,11,0,5,01,D,100,D,.0859,D,26868,D,15,D,266,D,,A,,A,,A,,A,0,D,154,D,155,D,156,D,112,D,111,D,110,D,,A,10,D,2008,D,1,D,,A,15704,D,15550,D,15395,D,01,D,,A,,A,,A,,A,,A,,A,1,D,2,D
20173,03593183,38,0,5,01,D,100,D,.0490,D,40000,D,15,D,316,D,,B,,B,,B,,B,2,D,159,D,160,D,160,D,155,D,154,D,154,D,,A,04,D,2016,D,1,D,,A,37993,D,37834,D,37674,D,01,D,,A,,A,,A,,A,,A,,A,1,D,2,D
20173,03593723,12,0,5,01,D,100,D,.0620,F,17000,F,10,F,210,F,,B,,B,,B,,B,20,F,108,F,109,F,109,F,82,F,81,F,81,F,,A,05,F,2016,F,1,F,,A,15847,F,15739,F,15630,F,01,D,,A,,A,,A,,A,,A,,A,1,D,2,D
20173,03594033,14,0,5,01,D,100,D,.0859,F,20000,F,15,F,206,F,,B,,B,,B,,B,8,F,85,F,85,F,86,F,113,F,113,F,112,F,,A,04,F,2012,F,1,F,,A,15824,F,15740,F,15654,F,01,D,,C,,C,,C,,A,,A,,A,,C,,A
20173,03594523,22,0,5,01,D,100,D,.0859,D,81000,D,5,D,1665,D,,A,,A,,A,,A,0,D,,A,,A,,A,,A,,A,,A,,A,06,D,2008,D,2,D,,A,,A,,A,,A,01,D,1,D,,A,,A,0,D,0,D,0,D,,A,2,D
20173,03595713,23,0,5,01,D,100,D,.0859,D,68291,D,10,D,850,D,,A,,A,,A,,A,0,D,377,D,380,D,382,D,473,D,470,D,468,D,,A,11,D,2016,D,1,D,,A,66085,D,65708,D,65328,D,01,D,,A,,A,,A,,A,,A,,A,1,D,2,D
20173,03597233,16,0,5,01,D,100,D,.0859,D,40000,D,15,D,2000,D,3,D,4,D,,A,,A,1604,D,172,D,173,D,174,D,224,D,223,D,222,D,,A,02,D,2012,D,1,D,,A,31309,D,31137,D,30964,D,01,D,,A,,A,,A,,A,,A,,A,1,D,2,D
20173,03597553,33,0,5,01,D,100,D,.0480,F,110000,F,15,F,935,F,,B,,B,,B,,B,77,F,623,F,626,F,628,F,235,F,232,F,230,F,,A,02,F,2009,F,1,F,,A,58729,F,58106,F,57480,F,01,D,,A,,A,,A,,A,,A,,A,1,D,2,D
20173,03599263,22,0,5,01,D,100,D,.0859,D,70000,D,10,D,871,D,,A,,A,,A,,A,0,D,852,D,858,D,864,D,19,D,13,D,7,D,,A,09,D,2007,D,2,D,,A,2627,D,1774,D,916,D,01,D,1,D,,A,,A,0,D,0,D,0,D,1,D,,A
20173,03606803,25,0,5,01,D,100,D,.0500,D,24703,D,17,D,180,D,,A,,A,,A,,A,0,D,106,D,107,D,107,D,74,D,73,D,73,D,,A,01,D,2011,D,1,D,,A,17723,D,17617,D,17510,D,01,D,,A,,A,,A,,A,,A,,A,1,D,2,D
20173,03606863,23,0,5,01,D,100,D,.0859,F,105000,F,15,F,1256,F,,B,,B,,B,,B,216,F,929,F,936,F,942,F,111,F,104,F,98,F,,A,08,F,2003,F,1,F,,A,15514,F,14586,F,13650,F,01,D,1,D,,A,,A,,A,,A,,A,1,D,2,D
20173,03641872,74,0,5,01,D,100,D,.0859,D,27638,D,10,D,344,D,,A,,A,,A,,A,0,D,221,D,223,D,224,D,123,D,121,D,120,D,,A,06,D,2012,D,1,D,,A,17176,D,16955,D,16732,D,01,D,,A,,A,,A,,A,,A,,A,1,D,2,D
20173,03642732,34,0,5,01,D,100,D,.0859,D,17753,D,5,D,365,D,,A,,A,,A,,A,0,D,335,D,337,D,340,D,30,D,28,D,25,D,,A,04,D,2013,D,1,D,,A,4183,D,3848,D,3510,D,01,D,,A,,A,,A,,A,,A,,A,1,D,2,D
20173,03643622,8,0,5,01,D,100,D,.0400,D,45000,D,15,D,368,D,,B,,B,,B,,B,35,D,186,D,187,D,187,D,147,D,146,D,146,D,,A,11,D,2016,D,1,D,,A,44079,D,43893,D,43706,D,01,D,,A,,A,,A,,A,,A,,A,,C,,A
20173,03643632,32,0,5,01,D,100,D,.0420,F,70000,F,15,F,609,F,3,F,4,F,,A,,A,84,F,502,F,504,F,505,F,17,F,16,F,15,F,,A,05,F,2003,F,1,F,,A,6619,F,6117,F,5613,F,01,D,,A,,A,,A,,A,,A,,A,1,D,2,D
20173,03644532,15,0,1,01,D,100,D,.0859,F,131310,F,15,F,1300,F,,C,,C,,C,,C,0,F,462,F,465,F,469,F,838,F,835,F,831,F,,A,06,F,2014,F,1,F,,A,154328,V,160306,V,155094,V,01,D,,A,,A,,A,,A,,A,,A,,C,,A
20173,03644652,33,0,5,01,D,100,D,.0400,D,50000,D,12,D,529,D,,B,,B,,B,,B,91,D,279,D,280,D,281,D,159,D,158,D,157,D,,A,08,D,2016,D,1,D,,A,47804,D,47525,D,47246,D,01,D,,A,,A,,A,,A,,A,,A,1,D,2,D
20173,03647972,26,0,5,01,D,100,D,.0859,D,30128,D,10,D,375,D,,A,,A,,A,,A,0,D,296,D,298,D,301,D,79,D,77,D,74,D,,A,01,D,2010,D,1,D,,A,10987,D,10690,D,10392,D,01,D,,A,,A,,A,,A,,A,,A,1,D,2,D
20173,03648532,10,0,1,01,D,100,D,.0859,D,91269,D,10,D,1136,D,3,D,4,D,,A,,A,0,D,611,D,615,D,620,D,525,D,521,D,516,D,,A,07,D,2014,D,1,D,,A,73374,D,72763,D,72148,D,01,D,,A,,A,,A,,A,,A,,A,1,D,2,D
20173,03649702,21,0,5,01,D,100,D,.0859,F,75000,F,15,F,743,F,,A,,A,,A,,A,0,F,343,F,345,F,348,F,157,F,155,F,152,F,,A,11,F,2006,F,2,F,,A,32653,F,32144,F,31632,F,01,D,,A,,A,,A,500,F,500,F,500,F,1,D,2,D
20173,03657332,72,0,5,01,D,100,D,.0859,D,97675,D,15,D,967,D,,A,,A,,A,,A,0,D,374,D,377,D,380,D,593,D,590,D,587,D,,A,06,D,2013,D,1,D,,A,82774,D,82400,D,82023,D,01,D,,A,,A,,A,,A,,A,,A,1,D,2,D
20173,03657332,73,0,5,01,D,100,D,.0859,D,38652,D,12,D,431,D,,A,,A,,A,,A,0,D,155,D,157,D,158,D,276,D,274,D,273,D,,A,04,D,2017,D,1,D,,A,38498,D,38342,D,38186,D,02,D,,A,,A,,A,,A,,A,,A,1,D,2,D
20173,03658182,16,0,5,01,D,100,D,.4000,F,18000,D,,A,110,D,,A,,A,,A,,A,24,F,29,F,29,F,29,F,57,F,57,F,57,F,,A,04,F,2015,D,2,D,,A,17010,F,16981,F,16951,F,01,D,,C,,C,,C,0,D,0,D,0,D,,A,2,D
20173,03659682,38,0,5,01,D,100,D,.0500,D,84195,D,7,D,1190,D,,A,,A,,A,,A,0,D,908,D,912,D,916,D,282,D,278,D,274,D,,A,10,D,2015,D,1,D,,A,67638,D,66730,D,65818,D,01,D,,A,,A,,A,,A,,A,,A,1,D,2,D
20173,03660952,37,0,5,01,D,100,D,.0800,D,64982,D,15,D,621,D,,A,,A,,A,,A,0,D,425,D,428,D,431,D,196,D,193,D,190,D,,A,03,D,2007,D,1,D,,A,29368,D,28943,D,28515,D,01,D,,A,,A,,A,,A,,A,,A,1,D,2,D
20173,03661602,19,0,5,01,D,100,D,.0859,D,46277,D,10,D,576,D,,A,,A,,A,,A,0,D,316,D,319,D,321,D,260,D,257,D,255,D,,A,06,D,2014,D,1,D,,A,36268,D,35951,D,35633,D,01,D,,A,,A,,A,,A,,A,,A,1,D,2,D
20173,03662242,19,0,5,01,D,100,D,.0700,D,18802,D,15,D,169,D,,A,,A,,A,,A,0,D,59,D,60,D,60,D,110,D,109,D,109,D,,A,06,D,2017,D,1,D,,A,18802,D,18743,D,18683,D,01,D,,A,,A,,A,,A,,A,,A,1,D,2,D
20173,03662322,17,0,1,01,D,100,D,.0859,D,10555,D,5,D,217,D,,A,,A,,A,,A,0,D,168,D,169,D,170,D,49,D,48,D,47,D,,A,06,D,2015,D,1,D,,A,6866,D,6698,D,6529,D,01,D,,A,,A,,A,,A,,A,,A,1,D,2,D
20173,03663192,36,0,5,01,D,100,D,.0859,D,7793,D,10,D,97,D,,A,,A,,A,,A,0,D,77,D,78,D,78,D,20,D,19,D,19,D,,A,02,D,2010,D,1,D,,A,2765,D,2688,D,2610,D,01,D,,A,,A,,A,,A,,A,,A,1,D,2,D
20173,03663282,18,0,5,01,D,100,D,.0480,D,110000,D,15,D,935,D,,B,,B,,B,,B,77,D,623,D,626,D,628,D,235,D,232,D,230,D,,A,02,D,2009,D,1,D,,A,58729,D,58106,D,57480,D,01,D,,A,,A,,A,,A,,A,,A,1,D,2,D
20173,03664482,15,0,5,01,D,100,D,.0400,F,45000,F,15,F,368,F,,B,,B,,B,,B,35,F,186,F,187,F,187,F,147,F,146,F,146,F,,A,11,F,2016,F,1,F,,A,44079,F,43893,F,43706,F,01,D,,C,,C,,C,,A,,A,,A,,C,,A
20173,03665152,19,0,5,01,D,100,D,.0400,D,67000,D,20,D,588,D,,B,,B,,B,,B,182,D,221,D,222,D,222,D,185,D,184,D,184,D,,A,09,D,2012,D,1,D,,A,55554,D,55333,D,55112,D,01,D,,A,,A,,A,,A,,A,,A,1,D,2,D
20173,03666552,26,0,1,01,D,100,D,.0859,D,50000,D,10,D,1000,D,,B,,B,,B,,B,378,D,322,D,325,D,327,D,300,D,297,D,295,D,,A,02,D,2015,D,1,D,,A,41845,D,41522,D,41197,D,01,D,,A,,A,,A,,A,,A,,A,1,D,2,D
20173,03666762,32,0,5,01,D,100,D,.0859,D,14900,D,10,D,185,D,,A,,A,,A,,A,0,D,508,D,511,D,515,D,369,D,367,D,364,D,,A,05,D,2015,D,2,D,,A,12751,D,12657,D,12562,D,01,D,1,D,,A,,A,1000,D,1000,D,1000,D,1,D,2,D
20173,03668602,15,0,5,01,D,100,D,.0859,D,58971,D,10,D,734,D,,A,,A,,A,,A,0,D,683,D,688,D,693,D,51,D,46,D,41,D,,A,04,D,2008,D,1,D,,A,7059,D,6375,D,5687,D,01,D,,A,,A,,A,,A,,A,,A,1,D,2,D
20173,03669452,34,0,5,01,D,100,D,.0859,D,75000,D,15,D,743,D,,A,,A,,A,,A,0,D,343,D,345,D,348,D,157,D,155,D,152,D,,A,11,D,2006,D,2,D,,A,32653,D,32144,D,31632,D,01,D,1,D,,A,,A,500,D,500,D,500,D,1,D,2,D
20173,03670012,11,0,5,01,D,100,D,.0859,D,30302,D,15,D,300,D,,A,,A,,A,,A,0,D,158,D,159,D,160,D,142,D,141,D,140,D,,A,12,D,2009,D,1,D,,A,19853,D,19695,D,19536,D,01,D,,A,,A,,A,,A,,A,,A,1,D,2,D
20173,03670222,27,0,5,01,D,100,D,.0400,D,45000,D,10,D,456,D,,A,,A,,A,,A,0,D,179,D,179,D,180,D,21,D,21,D,20,D,,A,04,D,2010,D,2,D,,A,14622,D,14215,D,13807,D,01,D,1,D,,A,,A,200,D,200,D,200,D,1,D,2,D
20173,03693361,28,0,1,01,D,100,D,.0620,D,17000,D,10,D,210,D,,B,,B,,B,,B,20,D,108,D,109,D,109,D,82,D,81,D,81,D,,A,05,D,2016,D,1,D,,A,15847,D,15739,D,15630,D,01,D,,A,,A,,A,,A,,A,,A,1,D,2,D
20173,03699701,46,0,1,01,D,100,D,.0859,D,19282,D,10,D,240,D,,A,,A,,A,,A,0,D,106,D,106,D,107,D,134,D,134,D,133,D,,A,11,D,2016,D,1,D,,A,18765,D,18659,D,18553,D,01,D,,A,,A,,A,,A,,A,,A,1,D,2,D
20173,03702351,12,0,1,01,D,100,D,.0859,D,35000,D,15,D,347,D,,A,,A,,A,,A,0,D,,A,,A,,A,,A,,A,,A,,A,03,D,2016,D,2,D,,A,33697,D,33592,D,33486,D,01,D,1,D,,A,,A,260,D,260,D,260,D,1,D,2,D
20173,03714421,27,0,1,01,D,100,D,.0859,F,111000,F,15,F,1099,F,,A,,A,,A,,A,0,F,826,F,832,F,838,F,273,F,267,F,261,F,,A,10,F,2005,F,1,F,,A,38088,F,37262,F,36429,F,01,D,,A,,A,,A,,A,,A,,A,1,D,2,D
20173,03718981,10,0,1,01,D,100,D,.0859,D,131310,D,15,D,1300,D,,C,,C,,C,,C,0,D,462,D,465,D,469,D,838,D,835,D,831,D,,A,06,D,2014,D,1,D,,A,154328,T,160306,T,155094,T,01,D,,A,,A,,A,,A,,A,,A,,C,,A
20173,03720461,26,0,1,01,D,100,D,.0859,D,50000,D,10,D,1000,D,,B,,B,,B,,B,378,D,302,D,305,D,307,D,320,D,317,D,315,D,,A,10,D,2015,D,1,D,,A,44646,D,44343,D,44039,D,01,D,,A,,A,,A,,A,,A,,A,1,D,2,D
20173,03720711,14,0,1,01,D,100,D,.0859,F,26868,F,15,F,266,F,,A,,A,,A,,A,0,F,154,F,155,F,156,F,112,F,111,F,110,F,,A,10,F,2008,F,1,F,,A,15704,F,15550,F,15395,F,01,D,,A,,A,,A,,A,,A,,A,1,D,2,D
20173,03720971,24,0,1,01,D,100,D,.0800,D,15000,D,15,D,170,D,,B,,B,,B,,B,27,D,111,D,112,D,113,D,32,D,31,D,30,D,,A,06,D,2005,D,1,D,,A,4769,D,4658,D,4546,D,01,D,,A,,A,,A,,A,,A,,A,1,D,2,D
20173,03722371,10,0,1,01,D,100,D,.0859,D,20000,D,15,D,206,D,,B,,B,,B,,B,8,D,85,D,85,D,86,D,113,D,113,D,112,D,,A,04,D,2012,D,1,D,,A,15824,D,15740,D,15654,D,01,D,,A,,A,,A,,A,,A,,A,,C,,A
20173,03723401,37,0,1,01,D,100,D,.0625,D,11495,D,3,D,351,D,,A,,A,,A,,A,0,D,335,D,337,D,338,D,13,D,11,D,10,D,,A,02,D,2015,D,1,D,,A,3078,D,2743,D,2407,D,01,D,,A,,A,,A,,A,,A,,A,1,D,2,D
20173,03734481,29,0,1,01,D,100,D,.0859,D,325833,T,10,D,4555,T,,A,,A,,A,,A,0,D,,A,,A,,A,,A,,A,,A,,A,09,D,2015,D,2,D,,A,154328,T,160306,T,155094,T,01,D,1,D,,A,,A,1220,D,1220,D,1220,D,1,D,2,D
20173,03738311,21,0,1,01,D,100,D,.1150,D,30000,D,15,D,360,D,,B,,B,,B,,B,10,D,193,D,194,D,196,D,157,D,156,D,154,D,,A,08,D,2007,D,1,D,,A,16424,D,16232,D,16037,D,01,D,,A,,A,,A,,A,,A,,A,1,D,2,D
20173,03741741,47,0,1,01,D,100,D,.0859,D,16068,D,10,D,200,D,,A,,A,,A,,A,0,D,144,D,145,D,146,D,56,D,55,D,54,D,,A,04,D,2011,D,1,D,,A,7814,D,7670,D,7525,D,01,D,,A,,A,,A,,A,,A,,A,1,D,2,D
20173,03743431,14,0,1,01,D,100,D,.0375,F,100000,D,,A,,A,,A,,A,,A,,A,0,F,168,F,169,F,169,F,295,F,295,F,294,F,,A,05,F,2014,D,1,D,,A,94271,F,94102,F,93933,F,01,D,1,D,,A,,A,463,F,463,F,463,F,,A,2,D
20173,03743601,5,0,1,01,D,100,D,.0859,D,111000,D,15,D,1099,D,,A,,A,,A,,A,0,D,826,D,832,D,838,D,273,D,267,D,261,D,,A,10,D,2005,D,1,D,,A,38088,D,37262,D,36429,D,01,D,,A,,A,,A,,A,,A,,A,1,D,2,D
20173,03744601,20,0,1,01,D,100,D,.0859,F,14900,F,10,F,185,F,,A,,A,,A,,A,0,F,508,F,511,F,515,F,369,F,367,F,364,F,,A,05,F,2015,F,2,F,,A,12751,F,12657,F,12562,F,01,D,,A,,A,,A,1000,F,1000,F,1000,F,1,D,2,D
20174,03574354,16,0,5,01,D,100,D,.0600,D,20000,D,15,D,169,D,,A,,A,,A,,A,0,D,,A,,A,,A,,A,,A,,A,,A,06,D,2010,D,2,D,,A,12738,D,12633,D,12527,D,01,D,,A,,A,3,D,,A,,A,,A,1,D,2,D
20174,03574824,14,0,5,01,D,100,D,.0859,F,20000,F,15,F,206,F,,B,,B,,B,,B,8,F,58,F,58,F,59,F,140,F,140,F,139,F,,A,12,F,2016,F,1,F,,A,19550,F,19492,F,19434,F,01,D,,C,,C,,C,,A,,A,,A,,C,,A
20174,03577094,23,0,5,01,D,100,D,.0859,D,105000,D,15,D,1256,D,,B,,B,,B,,B,216,D,963,D,970,D,976,D,77,D,70,D,64,D,,A,06,D,2003,D,1,D,,A,10803,D,9840,D,8871,D,01,D,,A,,A,,A,,A,,A,,A,1,D,2,D
20174,03588604,39,0,5,01,D,100,D,.0859,D,325833,T,10,D,4555,T,3,D,,A,,A,,A,0,D,,A,,A,,A,,A,,A,,A,,A,09,D,2007,D,2,D,,A,6921,D,0,D,,B,01,D,1,D,,A,,A,,A,,A,,A,1,D,2,D
20174,03589834,50,0,5,01,D,100,D,.0859,D,40403,D,15,D,400,D,,A,,A,,A,,A,0,D,394,D,397,D,,A,6,D,3,D,,A,,A,10,D,2002,D,1,D,,A,791,D,397,D,,A,01,D,,A,,A,,A,,A,,A,,A,1,D,2,D
20174,03590834,43,0,5,01,D,100,D,.0859,D,6000,D,10,D,100,D,,B,,B,,B,,B,25,D,35,D,35,D,35,D,40,D,40,D,40,D,,A,09,D,2016,D,1,D,,A,5635,D,5600,D,5565,D,01,D,,A,,A,,A,,A,,A,,A,1,D,2,D
20174,03592154,76,0,5,01,D,100,D,.0480,F,30000,F,15,F,250,F,,B,,B,,B,,B,16,F,0,F,0,F,0,F,234,F,234,F,234,F,,A,04,F,2014,F,1,F,,A,30000,F,30000,F,30000,F,01,D,,A,,A,3,D,,A,,A,,A,,A,2,D
20174,03592584,11,0,5,01,D,100,D,.0859,D,26868,D,15,D,266,D,,A,,A,,A,,A,0,D,232,D,234,D,236,D,34,D,32,D,30,D,,A,03,D,2004,D,1,D,,A,4709,D,4477,D,4243,D,01,D,,A,,A,,A,,A,,A,,A,1,D,2,D
20174,03593184,46,0,5,01,D,100,D,.0490,D,40000,D,15,D,316,D,,B,,B,,B,,B,2,D,161,D,161,D,162,D,153,D,153,D,152,D,,A,04,D,2016,D,1,D,,A,37514,D,37353,D,37192,D,01,D,,A,,A,,A,,A,,A,,A,1,D,2,D
20174,03593724,13,0,5,01,D,100,D,.0859,F,30302,F,15,F,300,F,,A,,A,,A,,A,0,F,255,F,256,F,258,F,45,F,44,F,42,F,,A,08,F,2004,F,1,F,,A,6340,F,6085,F,5829,F,01,D,,A,,A,,A,,A,,A,,A,1,D,2,D
20174,03594034,13,0,5,01,D,100,D,.0450,F,36000,F,15,F,275,F,,C,,C,,C,,C,0,F,214,F,215,F,215,F,61,F,60,F,60,F,,A,03,F,2008,F,2,F,,A,16345,F,16131,F,15917,F,01,D,,C,,C,,C,350,F,350,F,350,F,,C,,A
20174,03594524,28,0,5,01,D,100,D,.0859,D,81000,D,10,D,1008,D,,A,,A,,A,,A,0,D,0,D,0,D,0,D,,A,,A,,A,,A,06,D,2008,D,2,D,,A,81000,D,81000,D,81000,D,01,D,1,D,,A,,A,0,D,0,D,0,D,,A,2,D
20174,03595714,19,0,5,01,D,100,D,.0859,D,68291,D,10,D,850,D,,A,,A,,A,,A,0,D,385,D,388,D,391,D,465,D,462,D,459,D,,A,11,D,2016,D,1,D,,A,64946,D,64561,D,64173,D,01,D,,A,,A,,A,,A,,A,,A,1,D,2,D
20174,03597234,18,0,5,01,D,100,D,.0859,D,40000,D,15,D,2000,D,3,D,4,D,,A,,A,1604,D,176,D,177,D,178,D,220,D,219,D,218,D,,A,02,D,2012,D,1,D,,A,30789,D,30614,D,30437,D,01,D,,A,,A,,A,,A,,A,,A,1,D,2,D
20174,03597554,19,0,5,01,D,100,D,.0480,F,110000,F,15,F,935,F,,B,,B,,B,,B,77,F,631,F,633,F,636,F,227,F,225,F,222,F,,A,02,F,2009,F,1,F,,A,56852,F,56221,F,55588,F,01,D,,A,,A,,A,,A,,A,,A,1,D,2,D
20174,03599264,22,0,5,01,D,100,D,.0859,D,70000,D,10,D,871,D,,A,,A,,A,,A,0,D,,A,,A,,A,,A,,A,,A,,A,09,D,2007,D,2,D,,A,,A,,A,,A,01,D,1,D,,A,,A,0,D,0,D,0,D,1,D,2,D
20174,03606804,27,0,5,01,D,100,D,.0500,D,24703,D,17,D,180,D,,A,,A,,A,,A,0,D,107,D,108,D,108,D,73,D,72,D,72,D,,A,01,D,2011,D,1,D,,A,17403,D,17296,D,17188,D,01,D,,A,,A,,A,,A,,A,,A,1,D,2,D
20174,03606864,23,0,5,01,D,100,D,.0859,F,105000,F,15,F,1256,F,,B,,B,,B,,B,216,F,963,F,970,F,976,F,77,F,70,F,64,F,,A,06,F,2003,F,1,F,,A,10803,F,9840,F,8871,F,01,D,1,D,,A,,A,,A,,A,,A,1,D,2,D
20174,03608784,23,0,5,01,D,100,D,.0859,D,21000,D,7,D,334,D,,A,,A,,A,,A,0,D,,A,,A,,A,,A,,A,,A,,A,01,D,2016,D,2,D,,A,17076,D,16865,D,16652,D,01,D,,C,,C,,C,,A,,A,,A,1,D,2,D
20174,03641873,79,0,5,01,D,100,D,.0859,D,27638,D,10,D,344,D,,A,,A,,A,,A,0,D,226,D,227,D,229,D,118,D,117,D,115,D,,A,06,D,2012,D,1,D,,A,16508,D,16282,D,16054,D,01,D,,A,,A,,A,,A,,A,,A,1,D,2,D
20174,03642733,30,0,5,01,D,100,D,.0859,D,17753,D,5,D,365,D,,A,,A,,A,,A,0,D,342,D,345,D,347,D,23,D,20,D,18,D,,A,04,D,2013,D,1,D,,A,3170,D,2828,D,2483,D,01,D,,A,,A,,A,,A,,A,,A,1,D,2,D
20174,03643623,9,0,5,01,D,100,D,.0400,D,45000,D,15,D,867,D,3,D,4,D,5,D,,A,534,D,,A,,A,189,D,,A,,A,144,D,,A,11,D,2016,D,1,D,092017,D,,A,,A,43142,D,01,D,,A,,A,,A,,A,,A,,A,1,D,2,D
20174,03643623,26,0,5,01,D,100,D,.0400,D,45000,D,15,D,368,D,,B,,B,,B,,B,35,D,188,D,189,D,,A,145,D,144,D,,A,092017,D,11,D,2016,D,1,D,,A,43519,D,43331,D,,A,01,D,,A,,A,,A,,A,,A,,A,,C,,A
20174,03643633,41,0,5,01,D,100,D,.0859,D,25000,D,8,D,377,D,,B,,B,,B,,B,16,D,268,D,269,D,271,D,93,D,92,D,90,D,,A,01,D,2013,D,1,D,,A,13051,D,12783,D,12514,D,01,D,,A,,A,,A,,A,,A,,A,1,D,2,D
20174,03644653,35,0,5,01,D,100,D,.0400,D,50000,D,12,D,529,D,,B,,B,,B,,B,91,D,281,D,282,D,283,D,157,D,156,D,155,D,,A,08,D,2016,D,1,D,,A,46965,D,46684,D,46401,D,01,D,,A,,A,,A,,A,,A,,A,1,D,2,D
20174,03647063,18,0,1,03,D,300,D,.0450,D,130534,T,15,D,390,D,,A,,A,,A,,A,0,D,282,T,255,D,256,D,135,D,135,D,134,D,,A,01,D,2012,D,1,D,,A,36124,D,35869,D,35614,D,01,D,,A,,A,,A,,A,,A,,A,1,D,2,D
20174,03647973,28,0,5,01,D,100,D,.0859,D,30128,D,10,D,375,D,,A,,A,,A,,A,0,D,303,D,305,D,307,D,72,D,70,D,68,D,,A,01,D,2010,D,1,D,,A,10091,D,9788,D,9483,D,01,D,,A,,A,,A,,A,,A,,A,1,D,2,D
20174,03648533,15,0,5,01,D,100,D,.0859,D,91269,D,10,D,1136,D,3,D,4,D,,A,,A,0,D,624,D,628,D,633,D,512,D,508,D,503,D,,A,07,D,2014,D,1,D,,A,71529,D,70905,D,70276,D,01,D,,A,,A,,A,,A,,A,,A,1,D,2,D
20174,03649703,17,0,5,01,D,100,D,.1150,F,30000,F,15,F,360,F,,B,,B,,B,,B,10,F,200,F,202,F,204,F,150,F,148,F,146,F,,A,07,F,2007,F,1,F,,A,15643,F,15443,F,15241,F,01,D,,A,,A,,A,,A,,A,,A,1,D,2,D
20174,03658183,19,0,5,01,D,100,D,.0425,F,12000,F,10,F,123,F,,A,,A,,A,,A,0,F,0,F,0,F,0,F,,A,,A,,A,,A,09,F,2014,F,2,F,,A,12000,F,12000,F,12000,F,01,D,,C,,C,,C,65,F,80,F,70,F,,A,2,D
20174,03659683,51,0,5,01,D,100,D,.0500,D,84195,D,7,D,1190,D,,A,,A,,A,,A,0,D,920,D,923,D,927,D,270,D,267,D,263,D,,A,10,D,2015,D,1,D,,A,64902,D,63983,D,63059,D,01,D,,A,,A,,A,,A,,A,,A,1,D,2,D
20174,03660953,24,0,5,01,D,100,D,.0800,D,64982,D,15,D,621,D,,A,,A,,A,,A,0,D,434,D,437,D,440,D,187,D,184,D,181,D,,A,03,D,2007,D,1,D,,A,28084,D,27650,D,27214,D,01,D,,A,,A,,A,,A,,A,,A,1,D,2,D
20174,03661603,22,0,5,01,D,100,D,.0859,D,46277,D,10,D,576,D,,A,,A,,A,,A,0,D,323,D,326,D,328,D,253,D,250,D,248,D,,A,06,D,2014,D,1,D,,A,35312,D,34989,D,34663,D,01,D,,A,,A,,A,,A,,A,,A,1,D,2,D
20174,03662243,34,0,5,01,D,100,D,.0700,D,18802,D,15,D,169,D,,A,,A,,A,,A,0,D,60,D,61,D,61,D,109,D,108,D,108,D,,A,06,D,2017,D,1,D,,A,18623,D,18563,D,18502,D,01,D,,A,,A,,A,,A,,A,,A,1,D,2,D
20174,03662323,39,0,5,01,D,100,D,.0859,D,10555,D,5,D,217,D,,A,,A,,A,,A,0,D,171,D,173,D,174,D,46,D,44,D,43,D,,A,06,D,2015,D,1,D,,A,6358,D,6187,D,6014,D,01,D,,A,,A,,A,,A,,A,,A,1,D,2,D
20174,03662673,24,0,5,01,D,100,D,.0450,D,50000,D,12,D,450,D,,A,,A,,A,,A,0,D,376,D,377,D,379,D,74,D,73,D,71,D,,A,09,D,2009,D,1,D,,A,19734,D,19358,D,18981,D,01,D,,A,,A,,A,,A,,A,,A,1,D,2,D
20174,03663283,25,0,5,01,D,100,D,.0480,D,110000,D,15,D,935,D,,B,,B,,B,,B,77,D,631,D,633,D,636,D,227,D,225,D,222,D,,A,02,D,2009,D,1,D,,A,56852,D,56221,D,55588,D,01,D,,A,,A,,A,,A,,A,,A,1,D,2,D
20174,03664483,19,0,5,01,D,100,D,.0400,D,45000,D,10,D,368,D,3,D,,A,,A,,A,35,D,187,D,188,D,188,D,146,D,145,D,144,D,,A,09,D,2017,D,1,D,092017,D,43520,D,43332,D,43144,D,01,D,,A,,A,,A,,A,,A,,A,1,D,2,D
20174,03665153,17,0,5,01,D,100,D,.0400,D,67000,D,20,D,588,D,,B,,B,,B,,B,182,D,223,D,224,D,225,D,183,D,182,D,181,D,,A,09,D,2012,D,1,D,,A,54889,D,54666,D,54443,D,01,D,,A,,A,,A,,A,,A,,A,1,D,2,D
20174,03668603,18,0,5,01,D,100,D,.0859,D,58971,D,10,D,734,D,,A,,A,,A,,A,0,D,698,D,703,D,708,D,36,D,31,D,26,D,,A,04,D,2008,D,1,D,,A,4994,D,4295,D,3592,D,01,D,,A,,A,,A,,A,,A,,A,1,D,2,D
20174,03669453,36,0,5,01,D,100,D,.0859,D,75000,D,15,D,743,D,,A,,A,,A,,A,0,D,342,D,345,D,347,D,147,D,144,D,142,D,,A,11,D,2006,D,2,D,,A,31116,D,30596,D,30073,D,01,D,1,D,,A,,A,489,D,489,D,489,D,1,D,2,D
20174,03670013,9,0,5,01,D,100,D,.0859,D,30302,D,15,D,300,D,,A,,A,,A,,A,0,D,255,D,256,D,258,D,45,D,44,D,42,D,,A,08,D,2004,D,1,D,,A,6340,D,6085,D,5829,D,01,D,,A,,A,,A,,A,,A,,A,1,D,2,D
20174,03670223,22,0,5,01,D,100,D,.0400,D,45000,D,10,D,456,D,,A,,A,,A,,A,0,D,180,D,181,D,182,D,20,D,19,D,18,D,,A,04,D,2010,D,2,D,,A,13397,D,12986,D,12574,D,01,D,1,D,,A,,A,200,D,200,D,200,D,1,D,2,D
20174,03693362,24,0,5,01,D,100,D,.0620,D,17000,D,10,D,210,D,,B,,B,,B,,B,20,D,110,D,110,D,111,D,80,D,80,D,79,D,,A,05,D,2016,D,1,D,,A,15521,D,15411,D,15300,D,01,D,,A,,A,,A,,A,,A,,A,1,D,2,D
20174,03696792,19,0,1,01,D,100,D,.0425,D,12000,D,10,D,123,D,,A,,A,,A,,A,0,D,0,D,0,D,0,D,,A,,A,,A,,A,09,D,2014,D,2,D,,A,12000,D,12000,D,12000,D,01,D,,A,2,D,,A,65,D,80,D,70,D,,A,2,D
20174,03699702,52,0,5,01,D,100,D,.0859,D,19282,D,10,D,240,D,,A,,A,,A,,A,0,D,108,D,109,D,110,D,132,D,131,D,130,D,,A,11,D,2016,D,1,D,,A,18445,D,18338,D,18229,D,01,D,,A,,A,,A,,A,,A,,A,1,D,2,D
20174,03702352,14,0,5,01,D,100,D,.0859,D,35000,D,15,D,347,D,,A,,A,,A,,A,0,D,82,D,83,D,83,D,183,D,182,D,182,D,,A,03,D,2016,D,2,D,,A,33379,D,33272,D,33163,D,01,D,1,D,,A,,A,265,D,265,D,265,D,1,D,2,D
20174,03714422,34,0,5,01,D,100,D,.0859,F,325833,V,10,F,4555,V,,A,,A,,A,,A,0,F,601,F,605,F,609,F,599,F,595,F,591,F,,A,10,F,2015,F,2,F,,A,154328,V,160306,V,155094,V,01,D,,A,,A,,A,1200,F,1200,F,1200,F,1,D,2,D
20174,03720462,31,0,5,01,D,100,D,.0859,D,50000,D,10,D,1000,D,,B,,B,,B,,B,378,D,309,D,311,D,313,D,313,D,311,D,309,D,,A,10,D,2015,D,1,D,,A,43732,D,43423,D,43112,D,01,D,,A,,A,,A,,A,,A,,A,1,D,2,D
20174,03720712,20,0,5,01,D,100,D,.0859,F,27638,F,10,F,344,F,,A,,A,,A,,A,0,F,226,F,227,F,229,F,118,F,117,F,115,F,,A,06,F,2012,F,1,F,,A,16508,F,16282,F,16054,F,01,D,,A,,A,,A,,A,,A,,A,1,D,2,D
20174,03720972,12,0,5,01,D,100,D,.0800,D,15000,D,15,D,170,D,,B,,B,,B,,B,27,D,110,D,111,D,112,D,33,D,32,D,31,D,,A,10,D,2005,D,1,D,,A,4880,D,4769,D,4658,D,01,D,,A,,A,,A,,A,,A,,A,1,D,2,D
20174,03722372,12,0,5,01,D,100,D,.0859,D,20000,D,15,D,206,D,,B,,B,,B,,B,8,D,58,D,58,D,59,D,140,D,140,D,139,D,,A,12,D,2016,D,1,D,,A,19550,D,19492,D,19434,D,01,D,,A,,A,,A,,A,,A,,A,,C,,A
20174,03723402,44,0,5,01,D,100,D,.0625,D,11495,D,3,D,351,D,,A,,A,,A,,A,0,D,340,D,342,D,344,D,8,D,7,D,5,D,,A,02,D,2015,D,1,D,,A,2068,D,1728,D,1386,D,01,D,,A,,A,,A,,A,,A,,A,1,D,2,D
20174,03734482,38,0,5,01,D,100,D,.0859,D,325833,T,10,D,4555,T,,A,,A,,A,,A,0,D,601,D,605,D,609,D,599,D,595,D,591,D,,A,10,D,2015,D,2,D,,A,154328,T,160306,T,155094,T,01,D,1,D,,A,,A,1200,D,1200,D,1200,D,1,D,2,D
20174,03736232,24,0,1,01,D,100,D,.0859,F,325833,V,10,F,4555,V,,A,,A,,A,,A,0,F,601,F,605,F,609,F,599,F,595,F,591,F,,A,10,F,2015,F,2,F,,A,154328,V,160306,V,155094,V,01,D,,A,,A,,A,1200,F,1200,F,1200,F,1,D,2,D
20174,03736742,9,0,1,01,D,100,D,.0500,F,24703,F,17,F,180,F,,A,,A,,A,,A,0,F,107,F,108,F,108,F,73,F,72,F,72,F,,A,01,F,2011,F,1,F,,A,17403,F,17296,F,17188,F,01,D,,A,,A,,A,,A,,A,,A,1,D,2,D
20174,03738312,26,0,5,01,D,100,D,.1150,D,30000,D,15,D,360,D,,B,,B,,B,,B,10,D,200,D,202,D,204,D,150,D,148,D,146,D,,A,07,D,2007,D,1,D,,A,15643,D,15443,D,15241,D,01,D,,A,,A,,A,,A,,A,,A,1,D,2,D
20174,03743432,20,0,5,01,D,100,D,.0859,F,81000,F,10,F,1008,F,,A,,A,,A,,A,0,F,0,F,0,F,0,F,,A,,A,,A,,A,06,F,2008,F,2,F,,A,81000,F,81000,F,81000,F,01,D,1,D,,A,,A,0,F,0,F,0,F,,A,2,D
20174,03743602,13,0,5,01,D,100,D,.0859,D,111000,D,15,D,1099,D,,A,,A,,A,,A,0,D,844,D,850,D,856,D,255,D,249,D,243,D,,A,10,D,2005,D,1,D,,A,35591,D,34747,D,33897,D,01,D,,A,,A,,A,,A,,A,,A,1,D,2,D
20174,03744602,18,0,5,01,D,100,D,.0549,F,20000,F,15,F,511,F,,B,,B,,B,,B,348,F,144,F,144,F,145,F,19,F,19,F,18,F,,A,11,F,2004,F,1,F,,A,4208,F,4064,F,3919,F,01,D,,A,,A,,A,,A,,A,,A,1,D,2,D
20174,03757471,16,0,1,01,D,100,D,.0859,D,19495,D,15,D,193,D,,A,,A,,A,,A,0,D,58,D,59,D,59,D,135,D,134,D,134,D,,A,07,D,2016,D,1,D,,A,18828,D,18770,D,18711,D,01,D,,A,,A,,A,,A,,A,,A,1,D,2,D
20174,03757871,17,0,1,01,D,100,D,.0859,D,19455,D,5,D,400,D,,A,,A,,A,,A,0,D,282,D,284,D,286,D,118,D,116,D,114,D,,A,08,D,2016,D,1,D,,A,16482,D,16200,D,15916,D,01,D,,A,,A,,A,,A,,A,,A,1,D,2,D
20174,03758921,16,0,1,01,D,100,D,.0400,D,75000,D,20,D,500,D,,B,,B,,B,,B,46,D,254,D,255,D,256,D,200,D,199,D,198,D,,A,01,D,2012,D,1,D,,A,59968,D,59714,D,59459,D,01,D,,A,,A,,A,,A,,A,,A,1,D,2,D
20174,03759081,22,0,1,01,D,100,D,.0859,F,20000,F,15,F,206,F,,B,,B,,B,,B,8,F,58,F,58,F,59,F,140,F,140,F,139,F,,A,12,F,2016,F,1,F,,A,19550,F,19492,F,19434,F,01,D,,C,,C,,C,,A,,A,,A,,C,,A
20174,03759621,16,0,1,01,D,100,D,.0939,D,17392,D,10,D,224,D,,A,,A,,A,,A,0,D,108,D,109,D,110,D,116,D,115,D,114,D,,A,04,D,2015,D,1,D,,A,14761,D,14652,D,14543,D,01,D,,A,,A,,A,,A,,A,,A,1,D,2,D
20174,03761461,23,0,1,01,D,100,D,.0450,D,49633,D,20,D,314,D,,A,,A,,A,,A,0,D,172,D,173,D,173,D,142,D,141,D,141,D,,A,12,D,2010,D,1,D,,A,37900,D,37729,D,37556,D,01,D,,A,,A,,A,,A,,A,,A,1,D,2,D
20174,03764951,10,0,1,01,D,100,D,.0859,D,16000,D,10,D,199,D,3,D,4,D,5,D,,A,0,D,,A,,A,,A,,A,,A,,A,,A,07,D,2009,D,2,D,,A,4377,D,4209,D,4040,D,01,D,,A,2,D,,A,200,D,200,D,200,D,1,D,2,D
20174,03765261,14,0,1,01,D,100,D,.0859,D,20202,D,15,D,200,D,,A,,A,,A,,A,0,D,141,D,142,D,143,D,59,D,58,D,57,D,,A,08,D,2006,D,1,D,,A,8242,D,8101,D,7959,D,01,D,,A,,A,,A,,A,,A,,A,1,D,2,D
20174,03765631,14,0,1,01,D,100,D,.0859,F,105000,F,15,F,1256,F,,B,,B,,B,,B,216,F,963,F,970,F,976,F,77,F,70,F,64,F,,A,06,F,2003,F,1,F,,A,10803,F,9840,F,8871,F,01,D,,C,,C,,C,,A,,A,,A,1,D,2,D
20174,03777481,32,0,1,01,D,100,D,.0549,D,20000,D,15,D,511,D,,B,,B,,B,,B,348,D,144,D,144,D,145,D,19,D,19,D,18,D,,A,11,D,2004,D,1,D,,A,4208,D,4064,D,3919,D,01,D,,A,,A,,A,,A,,A,,A,1,D,2,D
20174,03778261,20,0,1,01,D,100,D,.0450,D,36000,D,15,D,275,D,,C,,C,,C,,C,0,D,214,D,215,D,215,D,61,D,60,D,60,D,,A,03,D,2008,D,2,D,,A,16345,D,16131,D,15917,D,01,D,1,D,,A,,A,350,D,350,D,350,D,,C,,A
20174,03778331,10,0,1,01,D,100,D,.0859,D,25000,D,10,D,311,D,,A,,A,,A,,A,0,D,,A,,A,,A,,A,,A,,A,,A,06,D,2006,D,2,D,,A,,A,,A,,A,01,D,1,D,,A,,A,115,D,115,D,115,D,1,D,2,D
20174,03778851,30,0,1,01,D,100,D,.0400,D,10000,D,10,D,101,D,,A,,A,,A,,A,0,D,,A,,A,,A,,A,,A,,A,,A,07,D,2017,D,2,D,,A,9932,D,9864,D,9796,D,01,D,,A,,A,3,D,245,D,268,D,256,D,1,D,2,D
20174,03778941,32,0,1,01,D,100,D,.0859,F,105000,F,15,F,1256,F,,B,,B,,B,,B,216,F,963,F,970,F,976,F,77,F,70,F,64,F,,A,06,F,2003,F,1,F,,A,10803,F,9840,F,8871,F,01,D,,A,,A,,A,,A,,A,,A,1,D,2,D
20174,03779021,13,0,1,01,D,100,D,.0580,D,33000,D,20,D,249,D,,B,,B,,B,,B,16,D,134,D,135,D,136,D,99,D,98,D,97,D,,A,03,D,2007,D,1,D,,A,20423,D,20289,D,20154,D,01,D,,A,,A,,A,,A,,A,,A,1,D,2,D
20174,03779281,8,0,1,01,D,100,D,.0859,D,9290,D,5,D,191,D,,A,,A,,A,,A,0,D,150,D,151,D,152,D,41,D,40,D,39,D,,A,06,D,2015,D,1,D,,A,5746,D,5596,D,5445,D,01,D,,A,,A,,A,,A,,A,,A,1,D,2,D
20174,03779611,8,0,1,01,D,100,D,.0500,D,150000,D,20,D,1000,D,,B,,B,,B,,B,10,D,684,D,687,D,690,D,306,D,303,D,300,D,,A,01,D,2005,D,1,D,,A,73473,D,72789,D,72102,D,01,D,,A,,A,,A,,A,,A,,A,1,D,2,D
20174,03781851,8,0,1,01,D,100,D,.0859,F,20000,F,15,F,206,F,,B,,B,,B,,B,8,F,58,F,58,F,59,F,140,F,140,F,139,F,,A,12,F,2016,F,1,F,,A,19550,F,19492,F,19434,F,01,D,,C,,C,,C,,A,,A,,A,,C,,A
20174,03782444,19,0,1,02,D,200,D,.0900,D,36282,D,15,D,368,D,,A,,A,,A,,A,0,D,248,D,250,D,251,D,108,D,106,D,105,D,,A,01,D,2007,D,1,D,,A,16044,D,15796,D,15547,D,01,D,,A,,A,,A,,A,,A,,A,1,D,2,D
20174,03786791,15,0,1,01,D,100,D,.0859,F,20000,F,15,F,206,F,,B,,B,,B,,B,8,F,58,F,58,F,59,F,140,F,140,F,139,F,,A,12,F,2016,F,1,F,,A,19550,F,19492,F,19434,F,01,D,,A,,A,,A,,A,,A,,A,,C,,A
20174,03798271,17,0,1,01,D,100,D,.0410,D,50000,D,15,D,400,D,,B,,B,,B,,B,28,D,215,D,215,D,216,D,157,D,157,D,156,D,,A,02,D,2016,D,1,D,,A,46058,D,45843,D,45628,D,01,D,,A,,A,,A,,A,,A,,A,1,D,2,D
20174,03799981,12,0,1,01,D,100,D,.0480,D,30000,D,15,D,250,D,,B,,B,,B,,B,16,D,0,D,0,D,0,D,234,D,234,D,234,D,,A,04,D,2014,D,1,D,,A,30000,D,30000,D,30000,D,01,D,,A,,A,,A,,A,,A,,A,,A,2,D
20174,03800291,24,0,1,01,D,100,D,.0859,D,47884,D,10,D,596,D,,A,,A,,A,,A,0,D,495,D,499,D,502,D,101,D,97,D,94,D,,A,11,D,2009,D,1,D,,A,14094,D,13599,D,13100,D,01,D,,A,,A,,A,,A,,A,,A,1,D,2,D
20174,03803801,12,0,1,01,D,100,D,.0859,D,60605,D,15,D,600,D,,A,,A,,A,,A,0,D,591,D,596,D,,A,9,D,4,D,,A,,A,11,D,2002,D,1,D,,A,1188,D,597,D,,A,01,D,,A,,A,,A,,A,,A,,A,1,D,2,D
20174,03804771,15,0,1,01,D,100,D,.0425,D,8786,D,10,D,90,D,,A,,A,,A,,A,0,D,74,D,74,D,75,D,16,D,16,D,15,D,,A,04,D,2012,D,1,D,,A,4491,D,4417,D,4342,D,01,D,,A,,A,,A,,A,,A,,A,1,D,2,D
20174,03805401,14,0,1,01,D,100,D,.0859,D,12000,D,23,D,500,D,3,D,,A,,A,,A,400,F,32,F,32,F,33,F,68,F,68,F,67,F,,A,01,F,2009,D,1,D,,A,9461,F,9429,F,9396,F,01,D,,A,,A,,A,,A,,A,,A,,A,,A
20174,03806011,11,0,1,01,D,100,D,.0859,F,81000,F,10,F,1008,F,,A,,A,,A,,A,0,F,0,F,0,F,0,F,,A,,A,,A,,A,06,F,2008,F,2,F,,A,81000,F,81000,F,81000,F,01,D,1,D,,A,,A,0,F,0,F,0,F,,A,2,D
20181,03641874,87,0,5,01,D,100,D,.0859,D,27638,D,10,D,344,D,,A,,A,,A,,A,0,D,231,D,232,D,234,D,113,D,112,D,110,D,,A,06,D,2012,D,1,D,,A,15825,D,15595,D,15362,D,01,D,,A,,A,,A,,A,,A,,A,1,D,2,D
20181,03643624,13,0,5,01,D,100,D,.0400,D,45000,D,15,D,900,D,3,D,4,D,5,D,,A,567,D,,A,,A,191,D,,A,,A,142,D,,A,11,D,2016,D,1,D,122017,D,,A,,A,42573,D,01,D,,A,,A,,A,,A,,A,,A,1,D,2,D
20181,03643624,30,0,5,01,D,100,D,.0400,D,45000,D,15,D,867,D,3,D,4,D,5,D,,A,534,D,190,D,190,D,,A,143,D,143,D,,A,122017,D,11,D,2016,D,1,D,,A,42953,D,42763,D,,A,01,D,,A,,A,,A,,A,,A,,A,1,D,2,D
20181,03644534,18,0,5,01,D,100,D,.0400,F,25000,F,15,F,200,F,,B,,B,,B,,B,15,F,119,F,120,F,120,F,66,F,65,F,65,F,,A,10,F,2013,F,1,F,,A,19717,F,19598,F,19478,F,01,D,,A,,A,,A,,A,,A,,A,,C,,A
20181,03644654,40,0,5,01,D,100,D,.0400,D,50000,D,12,D,529,D,,B,,B,,B,,B,91,D,284,D,285,D,286,D,154,D,153,D,152,D,,A,08,D,2016,D,1,D,,A,46118,D,45834,D,45548,D,01,D,,A,,A,,A,,A,,A,,A,1,D,2,D
20181,03647974,30,0,5,01,D,100,D,.0859,D,30128,D,10,D,375,D,,A,,A,,A,,A,0,D,309,D,312,D,314,D,66,D,63,D,61,D,,A,01,D,2010,D,1,D,,A,9176,D,8867,D,8555,D,01,D,,A,,A,,A,,A,,A,,A,1,D,2,D
20181,03648534,22,0,5,01,D,100,D,.0859,D,55253,D,5,D,1136,D,3,D,4,D,,A,,A,0,D,1033,T,1007,T,1013,T,158,D,151,D,144,D,,A,07,D,2014,D,1,D,,A,22076,D,21098,D,20113,D,01,D,,A,,A,,A,,A,,A,,A,1,D,2,D
20181,03649704,19,0,5,01,D,100,D,.0859,F,35000,F,15,F,347,F,,A,,A,,A,,A,0,F,84,F,85,F,85,F,181,F,180,F,180,F,,A,03,F,2016,F,2,F,,A,33054,F,32944,F,32834,F,01,D,,A,,A,,A,265,F,265,F,265,F,1,D,2,D
20181,03657334,19,0,5,01,D,100,D,.0859,D,97675,D,15,D,967,D,,A,,A,,A,,A,0,D,391,D,394,D,396,D,576,D,573,D,571,D,,A,06,D,2013,D,1,D,,A,80487,D,80096,D,79702,D,01,D,,A,,A,,A,,A,,A,,A,1,D,2,D
20181,03657334,20,0,5,01,D,100,D,.0859,D,38652,D,12,D,431,D,,A,,A,,A,,A,0,D,162,D,163,D,165,D,269,D,268,D,266,D,,A,04,D,2017,D,1,D,,A,37548,D,37386,D,37223,D,02,D,,A,,A,,A,,A,,A,,A,1,D,2,D
20181,03658184,14,0,5,01,D,100,D,.0859,F,10101,F,15,F,100,F,,A,,A,,A,,A,0,F,0,F,0,F,0,F,75,F,75,F,75,F,,A,08,F,2006,F,1,F,,A,10101,F,10101,F,10101,F,01,D,,C,,C,,C,,A,,A,,A,,A,2,D
20181,03659684,44,0,5,01,D,100,D,.0500,D,84195,D,7,D,1190,D,,A,,A,,A,,A,0,D,931,D,935,D,939,D,259,D,255,D,251,D,,A,10,D,2015,D,1,D,,A,62132,D,61201,D,60266,D,01,D,,A,,A,,A,,A,,A,,A,1,D,2,D
20181,03660954,24,0,5,01,D,100,D,.0800,D,64982,D,15,D,621,D,,A,,A,,A,,A,0,D,443,D,445,D,448,D,178,D,176,D,173,D,,A,03,D,2007,D,1,D,,A,26774,D,26332,D,25886,D,01,D,,A,,A,,A,,A,,A,,A,1,D,2,D
20181,03662244,25,0,5,01,D,100,D,.0700,D,18802,D,15,D,169,D,,A,,A,,A,,A,0,D,61,D,62,D,62,D,108,D,107,D,107,D,,A,06,D,2017,D,1,D,,A,18441,D,18379,D,18318,D,01,D,,A,,A,,A,,A,,A,,A,1,D,2,D
20181,03662324,21,0,5,01,D,100,D,.0859,D,10555,D,5,D,217,D,,A,,A,,A,,A,0,D,175,D,176,D,178,D,42,D,41,D,39,D,,A,06,D,2015,D,1,D,,A,5840,D,5665,D,5489,D,01,D,,A,,A,,A,,A,,A,,A,1,D,2,D
20181,03662674,27,0,5,01,D,100,D,.0450,D,50000,D,12,D,450,D,,A,,A,,A,,A,0,D,380,D,382,D,383,D,70,D,68,D,67,D,,A,09,D,2009,D,1,D,,A,18602,D,18222,D,17840,D,01,D,,A,,A,,A,,A,,A,,A,1,D,2,D
20181,03663284,27,0,5,01,D,100,D,.0530,D,88806,D,10,D,955,D,,A,,A,,A,,A,0,D,,A,563,D,565,D,,A,392,D,390,D,,A,01,D,2018,D,1,D,012018,D,,A,88806,D,88243,D,01,D,,A,,A,,A,,A,,A,,A,1,D,2,D
20181,03663284,46,0,5,01,D,100,D,.0480,D,110000,D,15,D,935,D,,B,,B,,B,,B,77,D,638,D,,A,,A,220,D,,A,,A,012018,D,02,D,2009,D,1,D,,A,54953,D,,A,,A,01,D,,A,,A,,A,,A,,A,,A,1,D,2,D
20181,03664484,17,0,5,01,D,100,D,.0400,D,45000,D,5,D,368,D,3,D,,A,,A,,A,35,D,189,D,190,D,190,D,144,D,143,D,143,D,,A,09,D,2017,D,1,D,,A,42955,D,42765,D,42575,D,01,D,,A,,A,,A,,A,,A,,A,1,D,2,D
20181,03665154,22,0,5,01,D,100,D,.0400,D,67000,D,20,D,588,D,,B,,B,,B,,B,182,D,225,D,226,D,227,D,181,D,180,D,179,D,,A,09,D,2012,D,1,D,,A,54218,D,53993,D,53767,D,01,D,,A,,A,,A,,A,,A,,A,1,D,2,D
20181,03666554,26,0,5,01,D,100,D,.0859,D,50000,D,10,D,1000,D,,B,,B,,B,,B,378,D,337,D,339,D,341,D,285,D,283,D,281,D,,A,02,D,2015,D,1,D,,A,39875,D,39538,D,39199,D,01,D,,A,,A,,A,,A,,A,,A,1,D,2,D
20181,03668604,21,0,5,01,D,100,D,.0859,D,58971,D,10,D,734,D,,A,,A,,A,,A,0,D,713,D,718,D,724,D,21,D,16,D,10,D,,A,04,D,2008,D,1,D,,A,2884,D,2170,D,1452,D,01,D,,A,,A,,A,,A,,A,,A,1,D,2,D
20181,03669454,42,0,5,01,D,100,D,.0859,D,75000,D,15,D,743,D,,A,,A,,A,,A,0,D,358,D,360,D,363,D,142,D,140,D,137,D,,A,11,D,2006,D,2,D,,A,29545,D,29014,D,28479,D,01,D,1,D,,A,,A,500,D,500,D,500,D,1,D,2,D
20181,03670014,9,0,5,01,D,100,D,.0859,D,30302,D,15,D,300,D,,A,,A,,A,,A,0,D,115,D,116,D,117,D,185,D,184,D,183,D,,A,02,D,2014,D,1,D,,A,25794,D,25679,D,25563,D,01,D,,A,,A,,A,,A,,A,,A,1,D,2,D
20181,03670224,24,0,5,01,D,100,D,.0400,D,45000,D,10,D,456,D,,A,,A,,A,,A,0,D,,A,,A,,A,,A,,A,,A,,A,04,D,2010,D,2,D,,A,12160,D,11745,D,11329,D,01,D,1,D,,A,,A,,A,,A,,A,1,D,2,D
20181,03693363,30,0,5,01,D,100,D,.0620,D,17000,D,10,D,210,D,,B,,B,,B,,B,20,D,112,D,112,D,113,D,78,D,78,D,77,D,,A,05,D,2016,D,1,D,,A,15189,D,15078,D,14966,D,01,D,,A,,A,,A,,A,,A,,A,1,D,2,D
20181,03696793,42,0,5,01,D,100,D,.0425,D,12000,D,10,D,123,D,,A,,A,,A,,A,0,D,0,D,0,D,0,D,70,D,70,D,70,D,,A,09,D,2014,D,2,D,,A,12000,D,12000,D,12000,D,01,D,,A,2,D,,A,70,D,70,D,70,D,,A,2,D
20181,03699703,47,0,5,01,D,100,D,.0859,D,19282,D,10,D,240,D,,A,,A,,A,,A,0,D,110,D,111,D,112,D,130,D,129,D,128,D,,A,11,D,2016,D,1,D,,A,18119,D,18009,D,17898,D,01,D,,A,,A,,A,,A,,A,,A,1,D,2,D
20181,03702353,23,0,5,01,D,100,D,.0859,D,35000,D,15,D,347,D,,A,,A,,A,,A,0,D,84,D,85,D,85,D,181,D,180,D,180,D,,A,03,D,2016,D,2,D,,A,33054,D,32944,D,32834,D,01,D,1,D,,A,,A,265,D,265,D,265,D,1,D,2,D
20181,03714423,29,0,5,01,D,100,D,.0859,F,325833,V,5,F,4555,V,,A,,A,,A,,A,0,F,1033,V,1007,V,1013,V,224,F,217,F,210,F,,A,05,F,2015,F,2,F,,A,112706,F,109195,F,105659,F,01,D,,A,,A,,A,1200,F,1200,F,1200,F,1,D,2,D
20181,03715513,19,0,5,01,D,100,D,.0600,D,24000,D,15,D,221,D,3,D,4,D,,A,,A,18,D,159,D,160,D,160,D,44,D,43,D,43,D,,A,01,D,2007,D,1,D,,A,8853,D,8695,D,8535,D,01,D,,A,,A,,A,,A,,A,,A,1,D,2,D
20181,03720463,41,0,5,01,D,100,D,.0859,D,50000,D,10,D,1000,D,,B,,B,,B,,B,378,D,316,D,318,D,320,D,306,D,304,D,302,D,,A,10,D,2015,D,1,D,,A,42798,D,42483,D,42165,D,01,D,,A,,A,,A,,A,,A,,A,1,D,2,D
20181,03720713,17,0,5,01,D,100,D,.0859,F,27638,F,10,F,344,F,,A,,A,,A,,A,0,F,231,F,232,F,234,F,113,F,112,F,110,F,,A,06,F,2012,F,1,F,,A,15825,F,15595,F,15362,F,01,D,,A,,A,,A,,A,,A,,A,1,D,2,D
20181,03722373,19,0,5,01,D,100,D,.0859,D,20000,D,15,D,206,D,,B,,B,,B,,B,8,D,132,D,133,D,134,D,66,D,65,D,64,D,,A,08,D,2007,D,1,D,,A,9241,D,9110,D,8977,D,01,D,,A,,A,,A,,A,,A,,A,,C,,A
20181,03723403,51,0,5,01,D,100,D,.0625,D,11495,D,3,D,351,D,,A,,A,,A,,A,0,D,346,D,347,D,349,D,5,D,4,D,2,D,,A,02,D,2015,D,1,D,,A,1042,D,697,D,349,D,01,D,,A,,A,,A,,A,,A,,A,1,D,2,D
20181,03734483,20,0,5,01,D,100,D,.0859,D,325833,T,5,D,4555,T,,A,,A,,A,,A,0,D,1033,T,1007,T,1013,T,224,D,217,D,210,D,,A,05,D,2015,D,2,D,,A,112706,D,109195,D,105659,D,01,D,1,D,,A,,A,1200,D,1200,D,1200,D,1,D,2,D
20181,03738313,25,0,5,01,D,100,D,.1150,D,30000,D,15,D,360,D,,B,,B,,B,,B,10,D,196,D,198,D,200,D,154,D,152,D,150,D,,A,12,D,2007,D,1,D,,A,16037,D,15841,D,15643,D,01,D,,A,,A,,A,,A,,A,,A,1,D,2,D
20181,03741743,31,0,5,01,D,100,D,.0859,D,16068,D,10,D,200,D,,A,,A,,A,,A,0,D,150,D,151,D,153,D,50,D,49,D,47,D,,A,04,D,2011,D,1,D,,A,6934,D,6784,D,6633,D,01,D,,A,,A,,A,,A,,A,,A,1,D,2,D
20181,03758922,18,0,5,01,D,100,D,.0400,D,75000,D,20,D,500,D,,B,,B,,B,,B,46,D,257,D,258,D,258,D,197,D,196,D,196,D,,A,01,D,2012,D,1,D,,A,59203,D,58946,D,58689,D,01,D,,A,,A,,A,,A,,A,,A,1,D,2,D
20181,03759082,12,0,5,01,D,100,D,.0859,F,20000,F,15,F,206,F,,B,,B,,B,,B,8,F,132,F,133,F,134,F,66,F,65,F,64,F,,A,08,F,2007,F,1,F,,A,9241,F,9110,F,8977,F,01,D,,C,,C,,C,,A,,A,,A,,C,,A
20181,03759622,22,0,5,01,D,100,D,.0939,D,17392,D,10,D,224,D,,A,,A,,A,,A,0,D,95,D,96,D,97,D,129,D,128,D,127,D,,A,12,D,2016,D,1,D,,A,16481,D,16386,D,16291,D,01,D,,A,,A,,A,,A,,A,,A,1,D,2,D
20181,03760192,41,0,5,01,D,100,D,.0859,D,117380,D,10,D,1461,D,,A,,A,,A,,A,0,D,621,D,625,D,630,D,840,D,836,D,831,D,,A,10,D,2017,D,1,D,,A,154328,T,160306,T,155094,T,01,D,,A,,A,,A,,A,,A,,A,1,D,2,D
20181,03761462,42,0,5,01,D,100,D,.0450,D,49633,D,20,D,314,D,,A,,A,,A,,A,0,D,174,D,174,D,175,D,140,D,140,D,139,D,,A,12,D,2010,D,1,D,,A,37383,D,37209,D,37035,D,01,D,,A,,A,,A,,A,,A,,A,1,D,2,D
20181,03763142,32,0,1,01,D,100,D,.0859,D,96411,D,10,D,1200,D,,A,,A,,A,,A,0,D,528,D,532,D,536,D,672,D,668,D,664,D,,A,05,D,2017,D,1,D,,A,93825,D,93297,D,92764,D,01,D,,A,,A,,A,,A,,A,,A,1,D,2,D
20181,03764952,20,0,5,01,D,100,D,.0859,D,16000,D,10,D,199,D,3,D,4,D,5,D,,A,0,D,155,D,156,D,157,D,25,D,24,D,23,D,,A,07,D,2009,D,2,D,,A,3870,D,3699,D,3526,D,01,D,,A,2,D,,A,980,D,980,D,980,D,1,D,2,D
20181,03765262,22,0,5,01,D,100,D,.0859,D,20202,D,15,D,200,D,,A,,A,,A,,A,0,D,144,D,145,D,146,D,56,D,55,D,54,D,,A,08,D,2006,D,1,D,,A,7816,D,7672,D,7527,D,01,D,,A,,A,,A,,A,,A,,A,1,D,2,D
20181,03765632,25,0,5,01,D,100,D,.0450,F,50000,F,12,F,450,F,,A,,A,,A,,A,0,F,380,F,382,F,383,F,70,F,68,F,67,F,,A,09,F,2009,F,1,F,,A,18602,F,18222,F,17840,F,01,D,,C,,C,,C,,A,,A,,A,1,D,2,D
20181,03777482,33,0,5,01,D,100,D,.0549,D,20000,D,15,D,511,D,,B,,B,,B,,B,348,D,151,D,152,D,153,D,12,D,11,D,10,D,,A,03,D,2004,D,1,D,,A,2590,D,2439,D,2287,D,01,D,,A,,A,,A,,A,,A,,A,1,D,2,D
20181,03778262,22,0,5,01,D,100,D,.0450,D,36000,D,15,D,275,D,,C,,C,,C,,C,0,D,215,D,215,D,216,D,60,D,60,D,59,D,,A,05,D,2008,D,2,D,,A,16131,D,15917,D,15702,D,01,D,1,D,,A,,A,,C,,C,,C,,C,,A
20181,03778332,22,0,5,01,D,100,D,.0859,D,25000,D,10,D,311,D,,A,,A,,A,,A,0,D,,A,,A,,A,,A,,A,,A,,A,06,D,2006,D,2,D,,A,,A,,A,,A,01,D,1,D,,A,,A,8250,T,8250,T,200,D,1,D,2,D
20181,03778852,46,0,5,01,D,100,D,.0400,D,10000,D,10,D,101,D,,A,,A,,A,,A,0,D,,A,,A,,A,,A,,A,,A,,A,07,D,2017,D,2,D,,A,9727,D,9658,D,9589,D,01,D,,A,,A,3,D,,A,,A,,A,1,D,2,D
20181,03778942,42,0,5,01,D,100,D,.0859,D,52222,D,10,D,650,D,,A,,A,,A,,A,0,D,,A,,A,276,D,,A,,A,374,D,,A,01,D,2018,D,1,D,012018,D,,A,,A,52222,D,01,D,,A,,A,,A,,A,,A,,A,1,D,2,D
20181,03778942,72,0,5,01,D,100,D,.0859,D,40067,D,20,D,350,D,,A,,A,,A,,A,0,D,301,D,303,D,,A,49,D,47,D,,A,012018,D,08,D,1999,D,1,D,,A,6800,D,6498,D,,A,01,D,,A,,A,,A,,A,,A,,A,1,D,2,D
20181,03779022,14,0,5,01,D,100,D,.0580,D,33000,D,20,D,249,D,,B,,B,,B,,B,16,D,136,D,137,D,138,D,97,D,96,D,95,D,,A,03,D,2007,D,1,D,,A,20018,D,19882,D,19745,D,01,D,,A,,A,,A,,A,,A,,A,1,D,2,D
20181,03781852,16,0,5,01,D,100,D,.0450,F,36000,F,15,F,275,F,,C,,C,,C,,C,0,F,215,F,215,F,216,F,60,F,60,F,59,F,,A,05,F,2008,F,2,F,,A,16131,F,15917,F,15702,F,01,D,,C,,C,,C,,C,,C,,C,,C,,A
20181,03786792,20,0,5,01,D,100,D,.0859,F,20000,F,15,F,206,F,,B,,B,,B,,B,8,F,132,F,133,F,134,F,66,F,65,F,64,F,,A,08,F,2007,F,1,F,,A,9241,F,9110,F,8977,F,01,D,,A,,A,,A,,A,,A,,A,,C,,A
20181,03798272,21,0,5,01,D,100,D,.0410,D,50000,D,15,D,400,D,,B,,B,,B,,B,28,D,217,D,218,D,218,D,155,D,154,D,154,D,,A,02,D,2016,D,1,D,,A,45412,D,45195,D,44977,D,01,D,,A,,A,,A,,A,,A,,A,1,D,2,D
20181,03799982,14,0,5,01,D,100,D,.0480,D,30000,D,15,D,250,D,,B,,B,,B,,B,16,D,0,D,0,D,0,D,234,D,234,D,234,D,,A,04,D,2014,D,1,D,,A,30000,D,30000,D,30000,D,01,D,,A,,A,,A,,A,,A,,A,,A,2,D
20181,03804772,21,0,5,01,D,100,D,.0425,D,8786,D,10,D,90,D,,A,,A,,A,,A,0,D,75,D,75,D,75,D,15,D,15,D,15,D,,A,04,D,2012,D,1,D,,A,4268,D,4193,D,4118,D,01,D,,A,,A,,A,,A,,A,,A,1,D,2,D
20181,03805402,32,0,5,01,D,100,D,.0859,D,12000,D,23,D,500,D,3,D,,A,,A,,A,400,F,33,F,33,F,33,F,33,F,33,F,33,F,,A,01,F,2009,D,1,D,,A,9364,F,9331,F,9298,F,01,D,,A,,A,,A,,A,,A,,A,,A,,A
20181,03806012,15,0,5,01,D,100,D,.0400,F,85000,F,15,F,629,F,,A,,A,,A,,A,0,F,0,F,0,F,0,F,,A,,A,,A,,A,08,F,2012,F,2,F,,A,85000,F,85000,F,85000,F,01,D,1,D,,A,,A,125,F,125,F,125,F,,A,2,D
20181,03806192,17,0,1,01,D,100,D,.0400,F,50000,F,12,F,529,F,,B,,B,,B,,B,91,F,284,F,285,F,286,F,154,F,153,F,152,F,,A,08,F,2016,F,1,F,,A,46118,F,45834,F,45548,F,01,D,,A,,A,,A,,A,,A,,A,1,D,2,D
20181,03820511,25,0,1,01,D,100,D,.0400,D,20000,D,5,D,400,D,,B,,B,,B,,B,32,D,316,D,317,D,318,D,52,D,51,D,50,D,,A,08,D,2016,D,1,D,,A,15689,D,15373,D,15056,D,01,D,,A,,A,,A,,A,,A,,A,1,D,2,D
20181,03821981,15,0,1,01,D,100,D,.0859,D,10101,D,15,D,100,D,,A,,A,,A,,A,0,D,0,D,0,D,0,D,75,D,75,D,75,D,,A,08,D,2006,D,1,D,,A,10101,D,10101,D,10101,D,01,D,,A,,A,,A,,A,,A,,A,,A,2,D
20181,03822591,19,0,1,01,D,100,D,.0400,D,95000,D,5,D,1750,D,,A,,A,,A,,A,0,D,,A,,A,,A,,A,,A,,A,,A,06,D,2017,D,2,D,,A,89240,D,87788,D,86331,D,01,D,1,D,,A,,A,300,D,300,D,300,D,1,D,2,D
20181,03823351,28,0,1,01,D,100,D,.0400,D,25000,D,15,D,200,D,,B,,B,,B,,B,15,D,119,D,120,D,120,D,66,D,65,D,65,D,,A,10,D,2013,D,1,D,,A,19717,D,19598,D,19478,D,01,D,,A,,A,,A,,A,,A,,A,,C,,A
20181,03824541,16,0,1,01,D,100,D,.0525,D,36500,D,10,D,392,D,,A,,A,,A,,A,0,D,,A,,A,,A,,A,,A,,A,,A,06,D,2013,D,2,D,,A,22991,D,22700,D,22407,D,01,D,1,D,,A,,A,0,D,0,D,0,D,1,D,2,D
20181,03840221,16,0,1,01,D,100,D,.0859,D,40000,D,20,D,400,D,,B,,B,,B,,B,51,D,67,D,68,D,68,D,282,D,281,D,281,D,,A,01,D,2017,D,1,D,,A,39353,D,39285,D,39218,D,01,D,,A,,A,,A,,A,,A,,A,1,D,2,D
20181,03845731,17,0,1,01,D,100,D,.0400,D,67000,D,10,D,687,D,,B,,B,,B,,B,9,D,574,D,576,D,578,D,104,D,102,D,100,D,,A,01,D,2012,D,1,D,,A,31221,D,30647,D,30071,D,01,D,,A,,A,,A,,A,,A,,A,1,D,2,D
20181,03847771,15,0,1,01,D,100,D,.0475,D,2000,D,10,D,1900,D,3,D,4,D,,A,,A,1879,D,16,D,16,D,16,D,5,D,5,D,5,D,,A,01,D,2014,D,1,D,,A,1341,D,1326,D,1310,D,01,D,,A,,A,,A,,A,,A,,A,1,D,2,D
20181,03849391,9,0,1,01,D,100,D,.0400,D,21068,D,5,D,388,D,,A,,A,,A,,A,0,D,331,D,332,D,333,D,57,D,56,D,55,D,,A,11,D,2016,D,1,D,,A,17184,D,16853,D,16521,D,01,D,,A,,A,,A,,A,,A,,A,1,D,2,D
20181,03849541,10,0,1,01,D,100,D,.0859,F,19282,F,10,F,240,F,,A,,A,,A,,A,0,F,110,F,111,F,112,F,130,F,129,F,128,F,,A,11,F,2016,F,1,F,,A,18119,F,18009,F,17898,F,01,D,,A,,A,,A,,A,,A,,A,1,D,2,D
20181,03850081,27,0,1,01,D,100,D,.0859,D,36673,D,5,D,754,D,,A,,A,,A,,A,0,D,697,D,702,D,707,D,57,D,52,D,47,D,,A,10,D,2013,D,1,D,,A,7948,D,7251,D,6549,D,01,D,,A,,A,,A,,A,,A,,A,1,D,2,D
20181,03852221,6,0,1,01,D,100,D,.0500,D,5657,D,10,D,60,D,,A,,A,,A,,A,0,D,0,D,0,D,0,D,60,D,60,D,60,D,,A,06,D,2014,D,1,D,,A,5657,D,5657,D,5657,D,01,D,,A,,A,,A,,A,,A,,A,,A,2,D
20181,03853051,11,0,1,01,D,100,D,.0410,F,50000,F,15,F,400,F,,B,,B,,B,,B,28,F,217,F,218,F,218,F,155,F,154,F,154,F,,A,02,F,2016,F,1,F,,A,45412,F,45195,F,44977,F,01,D,1,D,,A,,A,,A,,A,,A,1,D,2,D
20181,03853451,12,0,1,01,D,100,D,.0450,D,68000,D,15,D,200,D,,A,,A,,A,,A,,B,,A,,A,,A,,A,,A,,A,,A,10,D,2018,D,1,D,,A,,A,,A,,A,01,D,,A,,A,,A,,A,,A,,A,1,D,2,D
20181,03854531,14,0,1,01,D,100,D,.0400,D,85000,D,15,D,629,D,,A,,A,,A,,A,0,D,0,D,0,D,0,D,,A,,A,,A,,A,08,D,2012,D,2,D,,A,85000,D,85000,D,85000,D,01,D,,A,2,D,,A,125,D,125,D,125,D,,A,2,D
20181,03854991,11,0,1,01,D,100,D,.0415,D,22558,D,10,D,230,D,,A,,A,,A,,A,0,D,153,D,154,D,154,D,77,D,76,D,76,D,,A,10,D,2017,D,1,D,,A,22254,D,22100,D,21947,D,01,D,,A,,A,,A,,A,,A,,A,1,D,2,D
20181,03856811,23,0,1,01,D,100,D,.0859,D,16068,D,10,D,200,D,,A,,A,,A,,A,0,D,86,D,86,D,87,D,114,D,114,D,113,D,,A,11,D,2017,D,1,D,,A,15983,D,15897,D,15811,D,01,D,,A,,A,,A,,A,,A,,A,1,D,2,D
20181,03857091,14,0,1,01,D,100,D,.0859,D,105409,D,10,D,1312,D,,A,,A,,A,,A,0,D,0,D,0,D,0,D,1312,D,1312,D,1312,D,,A,03,D,2016,D,1,D,,A,105409,D,105409,D,105409,D,01,D,,A,,A,,A,,A,,A,,A,,A,2,D
20181,03857101,24,0,1,01,D,100,D,.0650,D,77000,D,15,D,929,D,,B,,B,,B,,B,258,D,515,D,518,D,521,D,156,D,153,D,150,D,,A,01,D,2007,D,1,D,,A,28752,D,28236,D,27718,D,01,D,,A,,A,,A,,A,,A,,A,1,D,2,D
20181,03857151,13,0,1,01,D,100,D,.0859,F,97675,F,15,F,967,F,,A,,A,,A,,A,0,F,391,F,394,F,396,F,576,F,573,F,571,F,,A,06,F,2013,F,1,F,,A,80487,F,80096,F,79702,F,01,D,1,D,,A,,A,,A,,A,,A,1,D,2,D
20181,03857711,5,0,1,01,D,100,D,.0859,F,325833,V,5,F,4555,V,,A,,A,,A,,A,0,F,1033,V,1007,V,1013,V,224,F,217,F,210,F,,A,05,F,2015,F,2,F,,A,112706,F,109195,F,105659,F,01,D,,A,,A,,A,1200,F,1200,F,1200,F,1,D,2,D
20181,03859401,24,0,1,01,D,100,D,.0859,F,55253,F,5,F,1136,F,3,F,4,F,,A,,A,0,F,1033,V,1007,V,1013,V,158,F,151,F,144,F,,A,07,F,2014,F,1,F,,A,22076,F,21098,F,20113,F,01,D,,A,,A,,A,,A,,A,,A,1,D,2,D
