QYEAR,NEWID,SEQNO,ALCNO,REC_ORIG,MEDRCARY,MEDR_ARY,MEDRGFTC,MEDR_FTC,MEDRMBMO,MEDR_BMO,MEDRMBX,MEDRMBX_,MEDRCY1,MEDRCY1_,MEDRCY2,MEDRCY2_,MEDRCY3,MEDRCY3_,MEDRCY4,MEDRCY4_,MEDRCY5,MEDRCY5_,MEDRCY6,MEDRCY6_,MEDRCY7,MEDRCY7_,MEDRCY8,MEDRCY8_,MEDRCY9,MEDRCY9_,MEDRPRNT,MEDR_RNT,MEDRNOUT,MEDR_OUT
20171,03388544,11,0,1,200,D,1,D,11,D,140,D,,A,,A,,A,,A,,A,,A,,A,,A,,A,,A,,A
20171,03389904,22,0,1,620,D,1,D,11,D,15,D,,A,,A,,A,,A,,A,,A,,A,,A,,A,,A,,A
20171,03390524,24,0,1,420,D,2,D,11,D,108,D,,A,,A,,A,,A,,A,,A,,A,,A,,A,,A,,A
20171,03390754,18,0,1,620,D,1,D,11,D,50,D,,A,,A,,A,,A,,A,,A,,A,,A,,A,,A,,A
20171,03391314,17,0,2,620,D,1,D,10,D,20,D,,A,,A,,A,,A,,A,,A,,A,,A,,A,,A,,A
20171,03394524,35,0,1,200,D,1,D,10,D,107,D,,A,,A,,A,,A,,A,,A,,A,,A,,A,,A,,A
20171,03395974,18,0,1,420,D,1,D,12,D,20,D,,A,,A,,A,,A,,A,,A,,A,,A,,A,,A,,A
20171,03396474,9,0,1,200,D,1,D,11,D,240,D,,A,,A,,A,,A,,A,,A,,A,,A,,A,,A,,A
20171,03396584,16,0,1,200,D,1,D,10,D,195,D,,A,,A,,A,,A,,A,,A,,A,,A,,A,,A,,A
20171,03396584,17,0,1,200,D,1,D,11,D,195,D,,A,,A,,A,,A,,A,,A,,A,,A,,A,,A,,A
20171,03396584,18,0,1,200,D,1,D,12,D,195,D,,A,,A,,A,,A,,A,,A,,A,,A,,A,,A,,A
20171,03396634,31,0,1,120,D,1,D,11,D,125,D,,A,,A,,A,,A,,A,,A,,A,,A,,A,,A,,A
20171,03408724,34,0,1,420,D,1,D,11,D,194,D,,A,,A,,A,,A,,A,,A,,A,,A,,A,,A,,A
20171,03410784,6,0,1,200,D,1,D,12,D,175,D,,A,,A,,A,,A,,A,,A,,A,,A,,A,,A,,A
20171,03411034,26,0,2,420,D,1,D,11,D,350,D,,A,,A,,A,,A,,A,,A,,A,,A,,A,,A,,A
20171,03411654,17,0,1,620,D,1,D,11,D,23,D,,A,,A,,A,,A,,A,,A,,A,,A,,A,,A,,A
20171,03411654,18,0,1,620,D,1,D,12,D,23,D,,A,,A,,A,,A,,A,,A,,A,,A,,A,,A,,A
20171,03411654,19,0,1,620,D,1,D,01,D,23,D,,A,,A,,A,,A,,A,,A,,A,,A,,A,,A,,A
20171,03411734,21,0,1,510,D,1,D,12,D,6,D,,A,,A,,A,,A,,A,,A,,A,,A,,A,,A,,A
20171,03412464,15,0,1,510,D,1,D,11,D,15,D,,A,,A,,A,,A,,A,,A,,A,,A,,A,,A,,A
20171,03412464,16,0,1,510,D,1,D,12,D,15,D,,A,,A,,A,,A,,A,,A,,A,,A,,A,,A,,A
20171,03412694,11,0,1,620,D,1,D,01,D,180,D,,A,,A,,A,,A,,A,,A,,A,,A,,A,,A,,A
20171,03413054,25,0,1,410,D,1,D,11,D,79,D,,A,,A,,A,,A,,A,,A,,A,,A,,A,,A,,A
20171,03413054,26,0,1,410,D,1,D,12,D,35,D,,A,,A,,A,,A,,A,,A,,A,,A,,A,,A,,A
20171,03413054,27,0,1,410,D,1,D,01,D,70,D,,A,,A,,A,,A,,A,,A,,A,,A,,A,,A,,A
20171,03415654,27,0,1,420,D,1,D,01,D,125,D,,A,,A,,A,,A,,A,,A,,A,,A,,A,,A,,A
20171,03415654,28,0,1,420,D,1,D,11,D,125,D,,A,,A,,A,,A,,A,,A,,A,,A,,A,,A,,A
20171,03416134,27,0,1,410,D,1,D,11,D,100,D,,A,,A,,A,,A,,A,,A,,A,,A,,A,,A,,A
20171,03416134,28,0,1,410,D,1,D,12,D,100,D,,A,,A,,A,,A,,A,,A,,A,,A,,A,,A,,A
20171,03416134,29,0,1,410,D,1,D,01,D,100,D,,A,,A,,A,,A,,A,,A,,A,,A,,A,,A,,A
20171,03417144,22,0,1,200,D,1,D,01,D,2850,T,,A,,A,,A,,A,,A,,A,,A,,A,,A,,A,,A
20171,03418874,15,0,1,110,D,1,D,12,D,250,D,,A,,A,,A,,A,,A,,A,,A,,A,,A,,A,,A
20171,03422414,6,0,1,700,D,1,D,01,D,3500,F,,A,,A,,A,,A,,A,,A,,A,,A,,A,,A,,A
20171,03425664,21,0,1,620,D,1,D,12,D,79,D,,A,,A,,A,,A,,A,,A,,A,,A,,A,,A,,A
20171,03425664,22,0,1,620,D,1,D,01,D,209,D,,A,,A,,A,,A,,A,,A,,A,,A,,A,,A,,A
20171,03425664,23,0,1,620,D,1,D,02,D,149,D,,A,,A,,A,,A,,A,,A,,A,,A,,A,,A,,A
20171,03427624,17,0,1,330,D,1,D,12,D,49,D,,A,,A,,A,,A,,A,,A,,A,,A,,A,,A,,A
20171,03427624,18,0,1,330,D,1,D,12,D,138,D,,A,,A,,A,,A,,A,,A,,A,,A,,A,,A,,A
20171,03428224,36,0,2,530,D,1,D,12,D,598,T,,A,,A,,A,,A,,A,,A,,A,,A,,A,,A,,A
20171,03441333,15,0,1,620,D,1,D,10,D,8,D,,A,,A,,A,,A,,A,,A,,A,,A,,A,,A,,A
20171,03441993,11,0,1,620,D,1,D,12,D,45,D,,A,,A,,A,,A,,A,,A,,A,,A,,A,,A,,A
20171,03442843,38,0,1,610,D,1,D,10,D,24,D,,A,,A,,A,,A,,A,,A,,A,,A,,A,,A,,A
20171,03442903,24,0,1,620,D,1,D,10,D,117,D,,A,,A,,A,,A,,A,,A,,A,,A,,A,,A,,A
20171,03442903,25,0,1,620,D,1,D,11,D,22,D,,A,,A,,A,,A,,A,,A,,A,,A,,A,,A,,A
20171,03442903,26,0,1,620,D,1,D,12,D,22,D,,A,,A,,A,,A,,A,,A,,A,,A,,A,,A,,A
20171,03443623,14,0,1,410,D,1,D,12,D,1425,T,,A,,A,,A,,A,,A,,A,,A,,A,,A,,A,,A
20171,03444303,16,0,1,510,D,1,D,10,D,180,D,,A,,A,,A,,A,,A,,A,,A,,A,,A,,A,,A
20171,03444303,17,0,1,620,D,1,D,12,D,50,D,,A,,A,,A,,A,,A,,A,,A,,A,,A,,A,,A
20171,03444643,16,0,1,620,D,1,D,10,D,34,D,,A,,A,,A,,A,,A,,A,,A,,A,,A,,A,,A
20171,03444643,17,0,1,620,D,1,D,11,D,34,D,,A,,A,,A,,A,,A,,A,,A,,A,,A,,A,,A
20171,03444643,18,0,1,620,D,1,D,12,D,34,D,,A,,A,,A,,A,,A,,A,,A,,A,,A,,A,,A
20171,03445183,38,0,1,620,D,1,D,12,D,38,D,,A,,A,,A,,A,,A,,A,,A,,A,,A,,A,,A
20171,03445553,25,0,1,110,D,1,D,12,D,50,D,,A,,A,,A,,A,,A,,A,,A,,A,,A,,A,,A
20171,03449543,32,0,1,620,D,1,D,11,D,50,D,,A,,A,,A,,A,,A,,A,,A,,A,,A,,A,,A
20171,03449543,33,0,1,635,D,1,D,12,D,75,D,,A,,A,,A,,A,,A,,A,,A,,A,,A,1,D,,A
20171,03461083,19,0,1,200,D,1,D,01,D,450,D,,A,,A,,A,,A,,A,,A,,A,,A,,A,,A,,A
20171,03461313,9,0,1,620,D,1,D,01,D,50,D,,A,,A,,A,,A,,A,,A,,A,,A,,A,,A,,A
20171,03461873,25,0,2,620,D,1,D,11,D,20,D,,A,,A,,A,,A,,A,,A,,A,,A,,A,,A,,A
20171,03462373,16,0,1,410,D,1,D,01,D,30,D,,A,,A,,A,,A,,A,,A,,A,,A,,A,,A,,A
20171,03464603,16,0,1,200,D,1,D,01,D,100,D,,A,,A,,A,,A,,A,,A,,A,,A,,A,,A,,A
20171,03464603,17,0,2,110,D,1,D,11,D,55,D,,A,,A,,A,,A,,A,,A,,A,,A,,A,,A,,A
20171,03464933,16,0,1,200,D,1,D,11,D,86,D,,A,,A,,A,,A,,A,,A,,A,,A,,A,,A,,A
20171,03465823,16,0,1,200,D,1,D,11,D,978,D,,A,,A,,A,,A,,A,,A,,A,,A,,A,,A,,A
20171,03466273,27,0,1,200,D,1,D,11,D,16,D,,A,,A,,A,,A,,A,,A,,A,,A,,A,,A,,A
20171,03466273,28,0,1,200,D,1,D,01,D,36,D,,A,,A,,A,,A,,A,,A,,A,,A,,A,,A,,A
20171,03466533,7,0,1,420,D,1,D,12,D,23,D,,A,,A,,A,,A,,A,,A,,A,,A,,A,,A,,A
20171,03466603,13,0,2,410,D,1,D,11,D,80,D,,A,,A,,A,,A,,A,,A,,A,,A,,A,,A,,A
20171,03469373,14,0,1,420,D,1,D,11,D,35,D,,A,,A,,A,,A,,A,,A,,A,,A,,A,,A,,A
20171,03492043,15,0,1,430,D,1,D,02,D,,H,410,D,420,D,,A,,A,,A,,A,,A,,A,,A,,A,,A
20171,03492043,15,1,1,410,D,1,D,02,D,710,E,,A,,A,,A,,A,,A,,A,,A,,A,,A,,A,,A
20171,03492043,15,2,1,420,D,1,D,02,D,390,E,,A,,A,,A,,A,,A,,A,,A,,A,,A,,A,,A
20171,03492043,16,0,1,510,D,1,D,02,D,300,D,,A,,A,,A,,A,,A,,A,,A,,A,,A,,A,,A
20171,03492043,17,0,1,620,D,1,D,02,D,198,D,,A,,A,,A,,A,,A,,A,,A,,A,,A,,A,,A
20171,03492253,13,0,1,620,D,1,D,01,D,4,D,,A,,A,,A,,A,,A,,A,,A,,A,,A,,A,,A
20171,03492253,14,0,1,620,D,1,D,02,D,4,D,,A,,A,,A,,A,,A,,A,,A,,A,,A,,A,,A
20171,03492253,15,0,1,620,D,1,D,12,D,4,D,,A,,A,,A,,A,,A,,A,,A,,A,,A,,A,,A
20171,03492273,17,0,1,620,D,1,D,01,D,40,D,,A,,A,,A,,A,,A,,A,,A,,A,,A,,A,,A
20171,03493213,17,0,1,120,D,1,D,01,D,106,D,,A,,A,,A,,A,,A,,A,,A,,A,,A,,A,,A
20171,03494213,28,0,1,410,D,1,D,12,D,1425,T,,A,,A,,A,,A,,A,,A,,A,,A,,A,,A,,A
20171,03496433,14,0,2,120,D,1,D,12,D,396,D,,A,,A,,A,,A,,A,,A,,A,,A,,A,,A,,A
20171,03497823,14,0,1,620,D,1,D,01,D,10,D,,A,,A,,A,,A,,A,,A,,A,,A,,A,,A,,A
20171,03497823,15,0,1,620,D,1,D,02,D,10,D,,A,,A,,A,,A,,A,,A,,A,,A,,A,,A,,A
20171,03497823,16,0,1,620,D,1,D,12,D,10,D,,A,,A,,A,,A,,A,,A,,A,,A,,A,,A,,A
20171,03499733,14,0,1,530,D,1,D,12,D,50,D,,A,,A,,A,,A,,A,,A,,A,,A,,A,,A,,A
20171,03502283,12,0,1,420,D,1,D,02,D,45,D,,A,,A,,A,,A,,A,,A,,A,,A,,A,,A,,A
20171,03502813,22,0,1,420,D,1,D,02,D,225,D,,A,,A,,A,,A,,A,,A,,A,,A,,A,,A,,A
20171,03502813,23,0,1,620,D,1,D,02,D,25,D,,A,,A,,A,,A,,A,,A,,A,,A,,A,,A,,A
20171,03503782,20,0,1,620,D,1,D,10,D,140,D,,A,,A,,A,,A,,A,,A,,A,,A,,A,,A,,A
20171,03503782,21,0,1,620,D,1,D,12,D,190,D,,A,,A,,A,,A,,A,,A,,A,,A,,A,,A,,A
20171,03504082,29,0,1,120,D,1,D,12,D,1260,D,,A,,A,,A,,A,,A,,A,,A,,A,,A,,A,,A
20171,03508343,14,0,1,120,D,1,D,11,D,34,D,,A,,A,,A,,A,,A,,A,,A,,A,,A,,A,,A
20171,03508632,13,0,1,620,D,1,D,10,D,60,D,,A,,A,,A,,A,,A,,A,,A,,A,,A,,A,,A
20171,03508632,14,0,1,620,D,1,D,12,D,60,D,,A,,A,,A,,A,,A,,A,,A,,A,,A,,A,,A
20171,03508632,15,0,1,620,D,1,D,10,D,60,D,,A,,A,,A,,A,,A,,A,,A,,A,,A,,A,,A
20171,03509502,30,0,2,200,D,1,D,10,D,400,D,,A,,A,,A,,A,,A,,A,,A,,A,,A,,A,,A
20171,03510622,14,0,2,620,D,1,D,10,D,8,D,,A,,A,,A,,A,,A,,A,,A,,A,,A,,A,,A
20171,03511082,13,0,2,420,D,1,D,10,D,10,D,,A,,A,,A,,A,,A,,A,,A,,A,,A,,A,,A
20171,03512762,6,0,1,420,D,1,D,10,D,30,D,,A,,A,,A,,A,,A,,A,,A,,A,,A,,A,,A
20171,03513072,11,0,1,200,D,1,D,10,D,180,D,,A,,A,,A,,A,,A,,A,,A,,A,,A,,A,,A
20171,03524542,18,0,1,120,D,1,D,01,D,40,D,,A,,A,,A,,A,,A,,A,,A,,A,,A,,A,,A
20171,03524542,19,0,1,120,D,1,D,12,D,40,D,,A,,A,,A,,A,,A,,A,,A,,A,,A,,A,,A
20171,03524542,20,0,1,120,D,1,D,01,D,40,D,,A,,A,,A,,A,,A,,A,,A,,A,,A,,A,,A
20171,03524732,29,0,2,620,D,1,D,11,D,60,D,,A,,A,,A,,A,,A,,A,,A,,A,,A,,A,,A
20171,03524782,12,0,1,420,D,1,D,01,D,1,D,,A,,A,,A,,A,,A,,A,,A,,A,,A,,A,,A
20171,03525552,21,0,2,655,D,1,D,11,D,88,T,,A,,A,,A,,A,,A,,A,,A,,A,,A,1,D,,A
20171,03525552,22,0,2,655,D,1,D,11,D,45,D,,A,,A,,A,,A,,A,,A,,A,,A,,A,1,D,,A
20171,03527792,20,0,2,420,D,1,D,11,D,100,D,,A,,A,,A,,A,,A,,A,,A,,A,,A,,A,,A
20171,03528482,19,0,1,900,D,1,D,12,D,,H,410,D,620,D,200,D,,A,,A,,A,,A,,A,,A,,A,,A
20171,03528482,19,1,1,410,D,1,D,12,D,15,E,,A,,A,,A,,A,,A,,A,,A,,A,,A,,A,,A
20171,03528482,19,2,1,620,D,1,D,12,D,9,E,,A,,A,,A,,A,,A,,A,,A,,A,,A,,A,,A
20171,03528482,19,3,1,200,D,1,D,12,D,36,E,,A,,A,,A,,A,,A,,A,,A,,A,,A,,A,,A
20171,03528782,12,0,1,120,D,1,D,01,D,120,D,,A,,A,,A,,A,,A,,A,,A,,A,,A,,A,,A
20171,03528962,20,0,1,200,D,1,D,12,D,1210,D,,A,,A,,A,,A,,A,,A,,A,,A,,A,,A,,A
20171,03529842,11,0,2,330,D,1,D,11,D,4233,T,,A,,A,,A,,A,,A,,A,,A,,A,,A,,A,,A
20171,03529842,12,0,2,620,D,1,D,11,D,65,D,,A,,A,,A,,A,,A,,A,,A,,A,,A,,A,,A
20171,03530192,15,0,1,420,D,2,D,01,D,20,D,,A,,A,,A,,A,,A,,A,,A,,A,,A,,A,,A
20171,03531572,30,0,1,620,D,1,D,11,D,40,D,,A,,A,,A,,A,,A,,A,,A,,A,,A,,A,,A
20171,03531572,31,0,1,620,D,1,D,12,D,40,D,,A,,A,,A,,A,,A,,A,,A,,A,,A,,A,,A
20171,03531572,32,0,1,620,D,1,D,01,D,40,D,,A,,A,,A,,A,,A,,A,,A,,A,,A,,A,,A
20171,03533212,27,0,1,420,D,1,D,11,D,60,D,,A,,A,,A,,A,,A,,A,,A,,A,,A,,A,,A
20171,03533212,28,0,1,420,D,1,D,12,D,60,D,,A,,A,,A,,A,,A,,A,,A,,A,,A,,A,,A
20171,03533212,29,0,1,420,D,1,D,01,D,214,D,,A,,A,,A,,A,,A,,A,,A,,A,,A,,A,,A
20171,03533212,30,0,1,410,D,1,D,12,D,1425,T,,A,,A,,A,,A,,A,,A,,A,,A,,A,,A,,A
20171,03533212,31,0,1,410,D,1,D,01,D,900,D,,A,,A,,A,,A,,A,,A,,A,,A,,A,,A,,A
20171,03533882,21,0,1,200,D,1,D,12,D,150,D,,A,,A,,A,,A,,A,,A,,A,,A,,A,,A,,A
20171,03533882,22,0,1,620,D,1,D,01,D,60,F,,A,,A,,A,,A,,A,,A,,A,,A,,A,,A,,A
20171,03546022,20,0,2,620,D,1,D,12,D,75,D,,A,,A,,A,,A,,A,,A,,A,,A,,A,,A,,A
20171,03546492,16,0,1,200,D,1,D,02,D,620,D,,A,,A,,A,,A,,A,,A,,A,,A,,A,,A,,A
20171,03546852,9,0,1,110,D,1,D,02,D,15,D,,A,,A,,A,,A,,A,,A,,A,,A,,A,,A,,A
20171,03548762,10,0,1,620,D,1,D,12,D,30,D,,A,,A,,A,,A,,A,,A,,A,,A,,A,,A,,A
20171,03548762,11,0,1,620,D,1,D,02,D,40,D,,A,,A,,A,,A,,A,,A,,A,,A,,A,,A,,A
20171,03549642,31,0,1,900,D,1,D,01,D,,H,620,D,420,D,,A,,A,,A,,A,,A,,A,,A,,A,,A
20171,03549642,31,1,1,620,D,1,D,01,D,150,E,,A,,A,,A,,A,,A,,A,,A,,A,,A,,A,,A
20171,03549642,31,2,1,420,D,1,D,01,D,300,E,,A,,A,,A,,A,,A,,A,,A,,A,,A,,A,,A
20171,03550432,12,0,1,110,D,1,D,12,D,20,D,,A,,A,,A,,A,,A,,A,,A,,A,,A,,A,,A
20171,03550432,13,0,1,530,D,1,D,12,D,265,D,,A,,A,,A,,A,,A,,A,,A,,A,,A,,A,,A
20171,03552232,7,0,1,620,D,2,D,01,D,30,D,,A,,A,,A,,A,,A,,A,,A,,A,,A,,A,,A
20171,03554412,37,0,1,200,D,1,D,12,D,500,D,,A,,A,,A,,A,,A,,A,,A,,A,,A,,A,,A
20171,03555642,18,0,1,330,D,1,D,01,D,236,D,,A,,A,,A,,A,,A,,A,,A,,A,,A,,A,,A
20171,03566891,53,0,1,635,D,1,D,10,D,50,D,,A,,A,,A,,A,,A,,A,,A,,A,,A,1,D,,A
20171,03567141,9,0,1,110,D,1,D,12,D,40,D,,A,,A,,A,,A,,A,,A,,A,,A,,A,,A,,A
20171,03567261,12,0,1,420,D,1,D,10,D,30,D,,A,,A,,A,,A,,A,,A,,A,,A,,A,,A,,A
20171,03567261,13,0,1,620,D,1,D,12,D,100,D,,A,,A,,A,,A,,A,,A,,A,,A,,A,,A,,A
20171,03568651,13,0,1,420,D,1,D,10,D,10,D,,A,,A,,A,,A,,A,,A,,A,,A,,A,,A,,A
20171,03569291,13,0,1,900,D,1,D,12,D,,H,510,D,120,D,,A,,A,,A,,A,,A,,A,,A,,A,,A
20171,03569291,13,1,1,510,D,1,D,12,D,70,E,,A,,A,,A,,A,,A,,A,,A,,A,,A,,A,,A
20171,03569291,13,2,1,120,D,1,D,12,D,70,E,,A,,A,,A,,A,,A,,A,,A,,A,,A,,A,,A
20171,03571714,24,0,1,655,D,1,D,12,D,88,T,,A,,A,,A,,A,,A,,A,,A,,A,,A,1,D,,A
20171,03574571,23,0,1,410,D,1,D,10,D,25,D,,A,,A,,A,,A,,A,,A,,A,,A,,A,,A,,A
20171,03574811,19,0,1,120,D,1,D,12,D,70,D,,A,,A,,A,,A,,A,,A,,A,,A,,A,,A,,A
20171,03574931,14,0,1,330,D,1,D,12,D,325,D,,A,,A,,A,,A,,A,,A,,A,,A,,A,,A,,A
20171,03576151,20,0,1,200,D,1,D,10,D,400,D,,A,,A,,A,,A,,A,,A,,A,,A,,A,,A,,A
20171,03589251,17,0,1,620,D,1,D,12,D,60,D,,A,,A,,A,,A,,A,,A,,A,,A,,A,,A,,A
20171,03589881,34,0,1,620,D,1,D,01,D,60,D,,A,,A,,A,,A,,A,,A,,A,,A,,A,,A,,A
20171,03590131,18,0,1,200,D,1,D,12,D,140,D,,A,,A,,A,,A,,A,,A,,A,,A,,A,,A,,A
20171,03591181,25,0,1,620,D,1,D,12,D,10,D,,A,,A,,A,,A,,A,,A,,A,,A,,A,,A,,A
20171,03591181,26,0,1,530,D,1,D,01,D,80,D,,A,,A,,A,,A,,A,,A,,A,,A,,A,,A,,A
20171,03591181,27,0,1,530,D,1,D,12,D,23,D,,A,,A,,A,,A,,A,,A,,A,,A,,A,,A,,A
20171,03591231,19,0,1,900,D,1,D,11,D,,H,620,D,420,D,110,D,,A,,A,,A,,A,,A,,A,,A,,A
20171,03591231,19,1,1,620,D,1,D,11,D,370,E,,A,,A,,A,,A,,A,,A,,A,,A,,A,,A,,A
20171,03591231,19,2,1,420,D,1,D,11,D,816,E,,A,,A,,A,,A,,A,,A,,A,,A,,A,,A,,A
20171,03591231,19,3,1,110,D,1,D,11,D,773,U,,A,,A,,A,,A,,A,,A,,A,,A,,A,,A,,A
20171,03591231,20,0,1,200,D,1,D,11,D,2850,T,,A,,A,,A,,A,,A,,A,,A,,A,,A,,A,,A
20171,03591231,21,0,1,700,D,1,D,11,D,3500,D,,A,,A,,A,,A,,A,,A,,A,,A,,A,,A,,A
20171,03591231,22,0,1,700,D,1,D,12,D,3500,D,,A,,A,,A,,A,,A,,A,,A,,A,,A,,A,,A
20171,03591231,23,0,1,700,D,1,D,01,D,3500,D,,A,,A,,A,,A,,A,,A,,A,,A,,A,,A,,A
20171,03591231,24,0,1,620,D,1,D,11,D,300,D,,A,,A,,A,,A,,A,,A,,A,,A,,A,,A,,A
20171,03591231,25,0,1,620,D,1,D,12,D,300,D,,A,,A,,A,,A,,A,,A,,A,,A,,A,,A,,A
20171,03591231,26,0,1,620,D,1,D,01,D,300,D,,A,,A,,A,,A,,A,,A,,A,,A,,A,,A,,A
20171,03591751,42,0,1,420,D,1,D,11,D,25,D,,A,,A,,A,,A,,A,,A,,A,,A,,A,,A,,A
20171,03591981,10,0,1,510,D,1,D,12,D,71,F,,A,,A,,A,,A,,A,,A,,A,,A,,A,,A,,A
20171,03592101,17,0,1,420,D,1,D,11,D,45,D,,A,,A,,A,,A,,A,,A,,A,,A,,A,,A,,A
20171,03593671,19,0,1,410,D,1,D,11,D,20,D,,A,,A,,A,,A,,A,,A,,A,,A,,A,,A,,A
20171,03593671,20,0,1,420,D,1,D,12,D,100,D,,A,,A,,A,,A,,A,,A,,A,,A,,A,,A,,A
20171,03593671,21,0,1,420,D,1,D,01,D,60,D,,A,,A,,A,,A,,A,,A,,A,,A,,A,,A,,A
20171,03593671,22,0,1,420,D,1,D,01,D,20,D,,A,,A,,A,,A,,A,,A,,A,,A,,A,,A,,A
20171,03593671,23,0,1,510,D,1,D,11,D,20,D,,A,,A,,A,,A,,A,,A,,A,,A,,A,,A,,A
20171,03593671,24,0,1,510,D,1,D,01,D,60,D,,A,,A,,A,,A,,A,,A,,A,,A,,A,,A,,A
20171,03593671,25,0,1,620,D,1,D,12,D,40,D,,A,,A,,A,,A,,A,,A,,A,,A,,A,,A,,A
20171,03593671,26,0,1,620,D,1,D,01,D,25,D,,A,,A,,A,,A,,A,,A,,A,,A,,A,,A,,A
20171,03594481,11,0,1,200,D,1,D,12,D,600,D,,A,,A,,A,,A,,A,,A,,A,,A,,A,,A,,A
20171,03594521,14,0,1,620,D,1,D,01,D,10,D,,A,,A,,A,,A,,A,,A,,A,,A,,A,,A,,A
20171,03594521,15,0,1,620,D,1,D,11,D,10,D,,A,,A,,A,,A,,A,,A,,A,,A,,A,,A,,A
20171,03594921,10,0,1,120,D,1,D,01,D,400,D,,A,,A,,A,,A,,A,,A,,A,,A,,A,,A,,A
20171,03594921,11,0,1,620,D,1,D,11,D,500,D,,A,,A,,A,,A,,A,,A,,A,,A,,A,,A,,A
20171,03594921,12,0,1,620,D,1,D,12,D,500,D,,A,,A,,A,,A,,A,,A,,A,,A,,A,,A,,A
20171,03594921,13,0,1,620,D,1,D,01,D,500,D,,A,,A,,A,,A,,A,,A,,A,,A,,A,,A,,A
20171,03594941,17,0,1,420,D,1,D,01,D,70,D,,A,,A,,A,,A,,A,,A,,A,,A,,A,,A,,A
20171,03594941,18,0,1,420,D,1,D,11,D,70,D,,A,,A,,A,,A,,A,,A,,A,,A,,A,,A,,A
20171,03594941,19,0,1,420,D,1,D,12,D,70,D,,A,,A,,A,,A,,A,,A,,A,,A,,A,,A,,A
20171,03595321,14,0,1,420,D,1,D,11,D,40,D,,A,,A,,A,,A,,A,,A,,A,,A,,A,,A,,A
20171,03595321,15,0,1,900,D,1,D,12,D,,H,900,D,420,D,,A,,A,,A,,A,,A,,A,,A,,A,,A
20171,03595321,15,1,1,120,D,1,D,12,D,71,E,,A,,A,,A,,A,,A,,A,,A,,A,,A,,A,,A
20171,03595321,15,2,1,410,D,1,D,12,D,59,E,,A,,A,,A,,A,,A,,A,,A,,A,,A,,A,,A
20171,03595321,15,3,1,420,D,1,D,12,D,34,E,,A,,A,,A,,A,,A,,A,,A,,A,,A,,A,,A
20171,03595321,15,4,1,620,D,1,D,12,D,14,E,,A,,A,,A,,A,,A,,A,,A,,A,,A,,A,,A
20171,03595321,16,0,1,900,D,1,D,01,D,,H,900,D,200,D,,A,,A,,A,,A,,A,,A,,A,,A,,A
20171,03595321,16,1,1,200,D,1,D,01,D,180,E,,A,,A,,A,,A,,A,,A,,A,,A,,A,,A,,A
20171,03595321,16,2,1,420,D,1,D,01,D,50,E,,A,,A,,A,,A,,A,,A,,A,,A,,A,,A,,A
20171,03595321,16,3,1,620,D,1,D,01,D,23,E,,A,,A,,A,,A,,A,,A,,A,,A,,A,,A,,A
20171,03595441,12,0,1,420,D,1,D,01,D,170,D,,A,,A,,A,,A,,A,,A,,A,,A,,A,,A,,A
20171,03597841,21,0,1,110,D,1,D,01,D,300,D,,A,,A,,A,,A,,A,,A,,A,,A,,A,,A,,A
20171,03598071,21,0,1,200,D,1,D,11,D,400,D,,A,,A,,A,,A,,A,,A,,A,,A,,A,,A,,A
20171,03598211,12,0,1,620,D,1,D,01,D,109,D,,A,,A,,A,,A,,A,,A,,A,,A,,A,,A,,A
20171,03598551,18,0,1,420,D,1,D,12,D,70,D,,A,,A,,A,,A,,A,,A,,A,,A,,A,,A,,A
20171,03598881,20,0,1,420,D,1,D,01,D,20,D,,A,,A,,A,,A,,A,,A,,A,,A,,A,,A,,A
20171,03599681,6,0,1,420,D,1,D,01,D,35,D,,A,,A,,A,,A,,A,,A,,A,,A,,A,,A,,A
20171,03600051,13,0,1,620,D,1,D,02,D,10,D,,A,,A,,A,,A,,A,,A,,A,,A,,A,,A,,A
20171,03600251,18,0,1,410,D,1,D,01,D,130,D,,A,,A,,A,,A,,A,,A,,A,,A,,A,,A,,A
20171,03600251,19,0,1,900,D,1,D,02,D,,H,620,D,410,D,,A,,A,,A,,A,,A,,A,,A,,A,,A
20171,03600251,19,1,1,620,D,1,D,02,D,110,E,,A,,A,,A,,A,,A,,A,,A,,A,,A,,A,,A
20171,03600251,19,2,1,410,D,1,D,02,D,437,E,,A,,A,,A,,A,,A,,A,,A,,A,,A,,A,,A
20171,03601021,34,0,1,120,D,1,D,12,D,567,D,,A,,A,,A,,A,,A,,A,,A,,A,,A,,A,,A
20171,03601551,12,0,1,120,D,1,D,12,D,300,D,,A,,A,,A,,A,,A,,A,,A,,A,,A,,A,,A
20171,03601891,18,0,1,620,D,1,D,01,D,80,D,,A,,A,,A,,A,,A,,A,,A,,A,,A,,A,,A
20171,03602791,14,0,1,200,D,1,D,02,D,348,D,,A,,A,,A,,A,,A,,A,,A,,A,,A,,A,,A
20171,03602961,35,0,1,410,D,1,D,02,D,150,D,,A,,A,,A,,A,,A,,A,,A,,A,,A,,A,,A
20171,03603431,19,0,1,110,D,1,D,01,D,30,D,,A,,A,,A,,A,,A,,A,,A,,A,,A,,A,,A
20171,03603431,20,0,1,420,D,1,D,01,D,30,D,,A,,A,,A,,A,,A,,A,,A,,A,,A,,A,,A
20171,03603431,21,0,1,200,D,1,D,02,D,30,D,,A,,A,,A,,A,,A,,A,,A,,A,,A,,A,,A
20171,03603531,41,0,1,655,D,1,D,02,D,88,T,,A,,A,,A,,A,,A,,A,,A,,A,,A,1,D,,A
20171,03603931,22,0,1,410,D,1,D,12,D,114,D,,A,,A,,A,,A,,A,,A,,A,,A,,A,,A,,A
20171,03603931,23,0,1,410,D,1,D,01,D,228,D,,A,,A,,A,,A,,A,,A,,A,,A,,A,,A,,A
20171,03604001,8,0,1,620,D,1,D,12,D,60,D,,A,,A,,A,,A,,A,,A,,A,,A,,A,,A,,A
20171,03604001,9,0,1,620,D,1,D,01,D,50,D,,A,,A,,A,,A,,A,,A,,A,,A,,A,,A,,A
20171,03604001,10,0,1,620,D,1,D,02,D,25,D,,A,,A,,A,,A,,A,,A,,A,,A,,A,,A,,A
20171,03604201,15,0,1,420,D,1,D,01,D,100,D,,A,,A,,A,,A,,A,,A,,A,,A,,A,,A,,A
20171,03605521,15,0,1,420,D,1,D,01,D,55,D,,A,,A,,A,,A,,A,,A,,A,,A,,A,,A,,A
20171,03605521,16,0,1,420,D,1,D,02,D,55,D,,A,,A,,A,,A,,A,,A,,A,,A,,A,,A,,A
20171,03605521,17,0,1,420,D,1,D,12,D,55,D,,A,,A,,A,,A,,A,,A,,A,,A,,A,,A,,A
20171,03606221,26,0,1,420,D,1,D,02,D,120,D,,A,,A,,A,,A,,A,,A,,A,,A,,A,,A,,A
20171,03608063,21,0,1,670,D,1,D,12,D,,H,655,D,620,D,,A,,A,,A,,A,,A,,A,,A,,A,,A
20171,03608063,21,1,1,655,D,1,D,12,D,14,E,,A,,A,,A,,A,,A,,A,,A,,A,,A,1,D,,A
20171,03608063,21,2,1,620,D,1,D,12,D,11,E,,A,,A,,A,,A,,A,,A,,A,,A,,A,,A,,A
20172,03441744,10,0,1,420,D,1,D,02,D,25,D,,A,,A,,A,,A,,A,,A,,A,,A,,A,,A,,A
20172,03441744,11,0,1,420,D,1,D,03,D,50,D,,A,,A,,A,,A,,A,,A,,A,,A,,A,,A,,A
20172,03441744,12,0,1,620,D,1,D,02,D,15,D,,A,,A,,A,,A,,A,,A,,A,,A,,A,,A,,A
20172,03441744,13,0,1,620,D,1,D,03,D,15,D,,A,,A,,A,,A,,A,,A,,A,,A,,A,,A,,A
20172,03442284,10,0,1,620,D,1,D,02,D,10,D,,A,,A,,A,,A,,A,,A,,A,,A,,A,,A,,A
20172,03443674,31,0,1,120,D,1,D,03,D,25,D,,A,,A,,A,,A,,A,,A,,A,,A,,A,,A,,A
20172,03443954,11,0,1,200,D,1,D,03,D,71,D,,A,,A,,A,,A,,A,,A,,A,,A,,A,,A,,A
20172,03444434,29,0,1,120,D,1,D,03,D,165,D,,A,,A,,A,,A,,A,,A,,A,,A,,A,,A,,A
20172,03444644,15,0,2,620,D,1,D,01,D,34,D,,A,,A,,A,,A,,A,,A,,A,,A,,A,,A,,A
20172,03444644,16,0,2,620,D,1,D,01,D,34,D,,A,,A,,A,,A,,A,,A,,A,,A,,A,,A,,A
20172,03445414,7,0,1,330,D,1,D,01,D,40,D,,A,,A,,A,,A,,A,,A,,A,,A,,A,,A,,A
20172,03445414,8,0,1,330,D,1,D,02,D,40,D,,A,,A,,A,,A,,A,,A,,A,,A,,A,,A,,A
20172,03445414,9,0,1,330,D,1,D,03,D,40,D,,A,,A,,A,,A,,A,,A,,A,,A,,A,,A,,A
20172,03445554,22,0,1,120,D,1,D,02,D,100,D,,A,,A,,A,,A,,A,,A,,A,,A,,A,,A,,A
20172,03445574,21,0,1,200,D,1,D,03,D,34,D,,A,,A,,A,,A,,A,,A,,A,,A,,A,,A,,A
20172,03447144,13,0,1,110,D,1,D,01,D,60,D,,A,,A,,A,,A,,A,,A,,A,,A,,A,,A,,A
20172,03447144,14,0,1,120,D,1,D,01,D,140,D,,A,,A,,A,,A,,A,,A,,A,,A,,A,,A,,A
20172,03447144,15,0,2,110,D,1,D,01,D,260,D,,A,,A,,A,,A,,A,,A,,A,,A,,A,,A,,A
20172,03449034,8,0,1,420,D,1,D,03,D,10,D,,A,,A,,A,,A,,A,,A,,A,,A,,A,,A,,A
20172,03449744,22,0,1,200,D,1,D,02,D,80,D,,A,,A,,A,,A,,A,,A,,A,,A,,A,,A,,A
20172,03450654,13,0,1,200,D,1,D,03,D,60,D,,A,,A,,A,,A,,A,,A,,A,,A,,A,,A,,A
20172,03460944,20,0,1,620,D,1,D,04,D,10,D,,A,,A,,A,,A,,A,,A,,A,,A,,A,,A,,A
20172,03462374,18,0,2,410,D,1,D,02,D,30,D,,A,,A,,A,,A,,A,,A,,A,,A,,A,,A,,A
20172,03464154,21,0,1,200,D,1,D,03,D,33,D,,A,,A,,A,,A,,A,,A,,A,,A,,A,,A,,A
20172,03464584,16,0,1,110,D,1,D,04,D,20,D,,A,,A,,A,,A,,A,,A,,A,,A,,A,,A,,A
20172,03465824,13,0,1,200,D,1,D,04,D,97,D,,A,,A,,A,,A,,A,,A,,A,,A,,A,,A,,A
20172,03466274,29,0,1,200,D,1,D,04,D,29,D,,A,,A,,A,,A,,A,,A,,A,,A,,A,,A,,A
20172,03468594,6,0,1,510,D,1,D,02,D,60,D,,A,,A,,A,,A,,A,,A,,A,,A,,A,,A,,A
20172,03468594,7,0,1,510,D,1,D,03,D,60,D,,A,,A,,A,,A,,A,,A,,A,,A,,A,,A,,A
20172,03468594,8,0,1,510,D,1,D,04,D,60,D,,A,,A,,A,,A,,A,,A,,A,,A,,A,,A,,A
20172,03468964,27,0,2,200,D,1,D,02,D,115,F,,A,,A,,A,,A,,A,,A,,A,,A,,A,,A,,A
20172,03492254,24,0,1,635,D,1,D,04,D,9,D,,A,,A,,A,,A,,A,,A,,A,,A,,A,1,D,,A
20172,03492254,25,0,1,635,D,1,D,05,D,18,D,,A,,A,,A,,A,,A,,A,,A,,A,,A,1,D,,A
20172,03492254,26,0,2,620,D,1,D,03,D,4,D,,A,,A,,A,,A,,A,,A,,A,,A,,A,,A,,A
20172,03492944,6,0,2,420,D,1,D,03,D,10,D,,A,,A,,A,,A,,A,,A,,A,,A,,A,,A,,A
20172,03494214,27,0,1,410,D,1,D,05,D,300,D,,A,,A,,A,,A,,A,,A,,A,,A,,A,,A,1,D
20172,03495024,18,0,1,530,D,1,D,03,D,598,T,,A,,A,,A,,A,,A,,A,,A,,A,,A,,A,,A
20172,03495024,19,0,1,530,D,1,D,04,D,598,T,,A,,A,,A,,A,,A,,A,,A,,A,,A,,A,,A
20172,03495024,20,0,1,530,D,1,D,05,D,598,T,,A,,A,,A,,A,,A,,A,,A,,A,,A,,A,,A
20172,03495944,22,0,1,620,D,1,D,03,D,50,D,,A,,A,,A,,A,,A,,A,,A,,A,,A,,A,,A
20172,03495944,23,0,1,620,D,1,D,04,D,50,D,,A,,A,,A,,A,,A,,A,,A,,A,,A,,A,,A
20172,03495944,24,0,1,620,D,1,D,05,D,50,D,,A,,A,,A,,A,,A,,A,,A,,A,,A,,A,,A
20172,03496004,19,0,1,620,D,1,D,05,D,30,D,,A,,A,,A,,A,,A,,A,,A,,A,,A,,A,,A
20172,03497004,15,0,1,420,D,1,D,05,D,25,D,,A,,A,,A,,A,,A,,A,,A,,A,,A,,A,,A
20172,03497334,10,0,1,330,D,1,D,05,D,4233,T,,A,,A,,A,,A,,A,,A,,A,,A,,A,,A,,A
20172,03499604,8,0,1,120,D,1,D,03,D,500,D,,A,,A,,A,,A,,A,,A,,A,,A,,A,,A,,A
20172,03500274,12,0,1,620,D,1,D,05,D,20,D,,A,,A,,A,,A,,A,,A,,A,,A,,A,,A,,A
20172,03500634,14,0,1,200,D,1,D,03,D,255,D,,A,,A,,A,,A,,A,,A,,A,,A,,A,,A,,A
20172,03500634,15,0,1,410,D,1,D,04,D,110,D,,A,,A,,A,,A,,A,,A,,A,,A,,A,,A,1,D
20172,03501914,22,0,1,110,D,1,D,03,D,200,D,,A,,A,,A,,A,,A,,A,,A,,A,,A,,A,,A
20172,03501934,10,0,1,620,D,1,D,05,D,212,D,,A,,A,,A,,A,,A,,A,,A,,A,,A,,A,,A
20172,03502814,19,0,1,120,D,1,D,04,D,65,D,,A,,A,,A,,A,,A,,A,,A,,A,,A,,A,,A
20172,03502814,20,0,1,420,D,1,D,04,D,400,D,,A,,A,,A,,A,,A,,A,,A,,A,,A,,A,,A
20172,03503643,55,0,1,200,D,1,D,03,D,167,D,,A,,A,,A,,A,,A,,A,,A,,A,,A,,A,,A
20172,03503643,56,0,1,200,D,1,D,02,D,64,D,,A,,A,,A,,A,,A,,A,,A,,A,,A,,A,,A
20172,03505143,23,0,1,420,D,1,D,03,D,150,D,,A,,A,,A,,A,,A,,A,,A,,A,,A,,A,,A
20172,03506143,17,0,1,120,D,1,D,03,D,204,D,,A,,A,,A,,A,,A,,A,,A,,A,,A,,A,,A
20172,03507343,27,0,1,635,D,1,D,01,D,100,D,,A,,A,,A,,A,,A,,A,,A,,A,,A,2,D,,A
20172,03507663,11,0,1,420,D,1,D,01,D,25,D,,A,,A,,A,,A,,A,,A,,A,,A,,A,,A,,A
20172,03507663,12,0,1,620,D,1,D,03,D,30,D,,A,,A,,A,,A,,A,,A,,A,,A,,A,,A,,A
20172,03508633,10,0,2,620,D,1,D,01,D,40,D,,A,,A,,A,,A,,A,,A,,A,,A,,A,,A,,A
20172,03511723,14,0,1,620,D,1,D,01,D,60,D,,A,,A,,A,,A,,A,,A,,A,,A,,A,,A,,A
20172,03512953,13,0,1,510,D,1,D,03,D,200,D,,A,,A,,A,,A,,A,,A,,A,,A,,A,,A,,A
20172,03513073,12,0,1,200,D,1,D,03,D,150,D,,A,,A,,A,,A,,A,,A,,A,,A,,A,,A,,A
20172,03513653,21,0,1,410,D,1,D,01,D,300,D,,A,,A,,A,,A,,A,,A,,A,,A,,A,,A,1,D
20172,03523993,15,0,1,635,D,1,D,02,D,1112,T,,A,,A,,A,,A,,A,,A,,A,,A,,A,1,D,,A
20172,03524443,28,0,1,420,D,1,D,04,D,245,D,,A,,A,,A,,A,,A,,A,,A,,A,,A,,A,,A
20172,03526443,21,0,2,120,D,1,D,02,D,100,D,,A,,A,,A,,A,,A,,A,,A,,A,,A,,A,,A
20172,03527103,7,0,1,510,D,1,D,04,D,100,D,,A,,A,,A,,A,,A,,A,,A,,A,,A,,A,,A
20172,03527243,15,0,1,620,D,1,D,03,D,12,D,,A,,A,,A,,A,,A,,A,,A,,A,,A,,A,,A
20172,03527353,16,0,1,420,D,1,D,04,D,210,D,,A,,A,,A,,A,,A,,A,,A,,A,,A,,A,,A
20172,03527703,23,0,2,530,D,1,D,02,D,50,D,,A,,A,,A,,A,,A,,A,,A,,A,,A,,A,,A
20172,03527793,20,0,2,620,D,1,D,02,D,4,D,,A,,A,,A,,A,,A,,A,,A,,A,,A,,A,,A
20172,03528623,10,0,1,420,D,1,D,04,D,5,D,,A,,A,,A,,A,,A,,A,,A,,A,,A,,A,,A
20172,03528893,21,0,1,120,D,1,D,03,D,140,D,,A,,A,,A,,A,,A,,A,,A,,A,,A,,A,,A
20172,03528963,20,0,1,510,D,1,D,02,D,42,D,,A,,A,,A,,A,,A,,A,,A,,A,,A,,A,,A
20172,03528963,21,0,1,510,D,1,D,03,D,60,D,,A,,A,,A,,A,,A,,A,,A,,A,,A,,A,,A
20172,03528963,22,0,1,510,D,1,D,04,D,21,D,,A,,A,,A,,A,,A,,A,,A,,A,,A,,A,,A
20172,03528963,23,0,1,530,D,1,D,02,D,18,D,,A,,A,,A,,A,,A,,A,,A,,A,,A,,A,,A
20172,03528963,24,0,1,530,D,1,D,03,D,18,D,,A,,A,,A,,A,,A,,A,,A,,A,,A,,A,,A
20172,03528963,25,0,1,530,D,1,D,04,D,18,D,,A,,A,,A,,A,,A,,A,,A,,A,,A,,A,,A
20172,03529533,28,0,1,620,D,1,D,02,D,6,D,,A,,A,,A,,A,,A,,A,,A,,A,,A,,A,,A
20172,03529533,29,0,1,620,D,1,D,03,D,6,D,,A,,A,,A,,A,,A,,A,,A,,A,,A,,A,,A
20172,03529533,30,0,1,620,D,1,D,04,D,6,D,,A,,A,,A,,A,,A,,A,,A,,A,,A,,A,,A
20172,03530683,19,0,1,410,D,1,D,02,D,100,D,,A,,A,,A,,A,,A,,A,,A,,A,,A,,A,1,D
20172,03531573,27,0,2,620,D,1,D,02,D,40,D,,A,,A,,A,,A,,A,,A,,A,,A,,A,,A,,A
20172,03532713,14,0,1,900,D,1,D,03,D,,H,900,D,420,D,,A,,A,,A,,A,,A,,A,,A,,A,,A
20172,03532713,14,1,1,110,D,1,D,03,D,15,E,,A,,A,,A,,A,,A,,A,,A,,A,,A,,A,,A
20172,03532713,14,2,1,420,D,1,D,03,D,20,E,,A,,A,,A,,A,,A,,A,,A,,A,,A,,A,,A
20172,03532713,14,3,1,620,D,1,D,03,D,5,E,,A,,A,,A,,A,,A,,A,,A,,A,,A,,A,,A
20172,03532713,15,0,1,900,D,1,D,04,D,,H,900,D,620,D,,A,,A,,A,,A,,A,,A,,A,,A,,A
20172,03532713,15,1,1,420,D,1,D,04,D,24,E,,A,,A,,A,,A,,A,,A,,A,,A,,A,,A,,A
20172,03532713,15,2,1,620,D,1,D,04,D,6,E,,A,,A,,A,,A,,A,,A,,A,,A,,A,,A,,A
20172,03533223,27,0,1,420,D,1,D,02,D,72,D,,A,,A,,A,,A,,A,,A,,A,,A,,A,,A,,A
20172,03533223,28,0,1,420,D,1,D,03,D,131,D,,A,,A,,A,,A,,A,,A,,A,,A,,A,,A,,A
20172,03533223,29,0,1,420,D,1,D,04,D,72,D,,A,,A,,A,,A,,A,,A,,A,,A,,A,,A,,A
20172,03547953,23,0,1,410,D,1,D,04,D,50,D,,A,,A,,A,,A,,A,,A,,A,,A,,A,,A,1,D
20172,03548353,21,0,1,420,D,1,D,03,D,10,D,,A,,A,,A,,A,,A,,A,,A,,A,,A,,A,,A
20172,03551253,12,0,2,410,D,1,D,03,D,25,D,,A,,A,,A,,A,,A,,A,,A,,A,,A,,A,,A
20172,03551253,13,0,2,420,D,1,D,03,D,10,D,,A,,A,,A,,A,,A,,A,,A,,A,,A,,A,,A
20172,03552023,17,0,1,110,D,1,D,05,D,584,D,,A,,A,,A,,A,,A,,A,,A,,A,,A,,A,,A
20172,03552263,17,0,1,110,D,1,D,03,D,140,D,,A,,A,,A,,A,,A,,A,,A,,A,,A,,A,,A
20172,03566532,33,0,1,200,D,1,D,02,D,32,D,,A,,A,,A,,A,,A,,A,,A,,A,,A,,A,,A
20172,03567392,9,0,1,620,D,1,D,01,D,26,D,,A,,A,,A,,A,,A,,A,,A,,A,,A,,A,,A
20172,03567392,10,0,1,620,D,1,D,02,D,26,D,,A,,A,,A,,A,,A,,A,,A,,A,,A,,A,,A
20172,03567392,11,0,1,620,D,1,D,03,D,26,D,,A,,A,,A,,A,,A,,A,,A,,A,,A,,A,,A
20172,03569462,9,0,1,620,D,1,D,01,D,35,D,,A,,A,,A,,A,,A,,A,,A,,A,,A,,A,,A
20172,03569672,17,0,1,420,D,1,D,01,D,2462,T,,A,,A,,A,,A,,A,,A,,A,,A,,A,,A,,A
20172,03572682,7,0,2,620,D,1,D,01,D,20,D,,A,,A,,A,,A,,A,,A,,A,,A,,A,,A,,A
20172,03574042,27,0,1,420,D,1,D,01,D,50,D,,A,,A,,A,,A,,A,,A,,A,,A,,A,,A,,A
20172,03574042,28,0,1,420,D,1,D,02,D,50,D,,A,,A,,A,,A,,A,,A,,A,,A,,A,,A,,A
20172,03574042,29,0,1,420,D,1,D,03,D,50,D,,A,,A,,A,,A,,A,,A,,A,,A,,A,,A,,A
20172,03574122,14,0,1,200,D,1,D,02,D,158,D,,A,,A,,A,,A,,A,,A,,A,,A,,A,,A,,A
20172,03574632,15,0,1,410,D,1,D,03,D,30,D,,A,,A,,A,,A,,A,,A,,A,,A,,A,,A,1,D
20172,03574812,15,0,2,620,D,1,D,01,D,18,D,,A,,A,,A,,A,,A,,A,,A,,A,,A,,A,,A
20172,03588292,9,0,1,330,D,1,D,04,D,10,D,,A,,A,,A,,A,,A,,A,,A,,A,,A,,A,,A
20172,03589022,21,0,1,620,D,1,D,03,D,300,D,,A,,A,,A,,A,,A,,A,,A,,A,,A,,A,,A
20172,03589532,15,0,1,620,D,1,D,02,D,10,D,,A,,A,,A,,A,,A,,A,,A,,A,,A,,A,,A
20172,03589532,16,0,1,620,D,1,D,03,D,10,D,,A,,A,,A,,A,,A,,A,,A,,A,,A,,A,,A
20172,03589832,34,0,1,620,D,1,D,04,D,2,D,,A,,A,,A,,A,,A,,A,,A,,A,,A,,A,,A
20172,03589832,35,0,1,620,D,1,D,03,D,30,D,,A,,A,,A,,A,,A,,A,,A,,A,,A,,A,,A
20172,03589882,15,0,2,620,D,1,D,02,D,60,D,,A,,A,,A,,A,,A,,A,,A,,A,,A,,A,,A
20172,03589882,16,0,2,620,D,1,D,02,D,60,D,,A,,A,,A,,A,,A,,A,,A,,A,,A,,A,,A
20172,03591032,6,0,1,420,D,1,D,03,D,30,D,,A,,A,,A,,A,,A,,A,,A,,A,,A,,A,,A
20172,03591232,23,0,1,620,D,1,D,02,D,215,D,,A,,A,,A,,A,,A,,A,,A,,A,,A,,A,,A
20172,03591232,24,0,1,620,D,1,D,03,D,250,D,,A,,A,,A,,A,,A,,A,,A,,A,,A,,A,,A
20172,03591232,25,0,1,620,D,1,D,04,D,200,D,,A,,A,,A,,A,,A,,A,,A,,A,,A,,A,,A
20172,03592472,20,0,1,410,D,1,D,03,D,418,D,,A,,A,,A,,A,,A,,A,,A,,A,,A,,A,2,D
20172,03593882,12,0,1,120,D,1,D,03,D,339,D,,A,,A,,A,,A,,A,,A,,A,,A,,A,,A,,A
20172,03594032,11,0,1,420,D,1,D,04,D,100,D,,A,,A,,A,,A,,A,,A,,A,,A,,A,,A,,A
20172,03594032,12,0,1,200,D,1,D,04,D,100,D,,A,,A,,A,,A,,A,,A,,A,,A,,A,,A,,A
20172,03594032,13,0,1,620,D,1,D,04,D,50,D,,A,,A,,A,,A,,A,,A,,A,,A,,A,,A,,A
20172,03594662,12,0,1,900,D,1,D,02,D,,H,900,D,620,D,,A,,A,,A,,A,,A,,A,,A,,A,,A
20172,03594662,12,1,1,330,D,1,D,02,D,12,E,,A,,A,,A,,A,,A,,A,,A,,A,,A,,A,,A
20172,03594662,12,2,1,620,D,1,D,02,D,8,E,,A,,A,,A,,A,,A,,A,,A,,A,,A,,A,,A
20172,03594862,19,0,1,620,D,1,D,04,D,20,D,,A,,A,,A,,A,,A,,A,,A,,A,,A,,A,,A
20172,03595394,7,0,1,620,D,1,D,03,D,30,D,,A,,A,,A,,A,,A,,A,,A,,A,,A,,A,,A
20172,03597942,7,0,1,620,D,1,D,02,D,60,D,,A,,A,,A,,A,,A,,A,,A,,A,,A,,A,,A
20172,03597942,8,0,1,620,D,1,D,03,D,60,D,,A,,A,,A,,A,,A,,A,,A,,A,,A,,A,,A
20172,03597942,9,0,1,620,D,1,D,04,D,60,D,,A,,A,,A,,A,,A,,A,,A,,A,,A,,A,,A
20172,03598212,14,0,1,620,D,1,D,03,D,112,D,,A,,A,,A,,A,,A,,A,,A,,A,,A,,A,,A
20172,03598212,15,0,1,620,D,1,D,04,D,4,D,,A,,A,,A,,A,,A,,A,,A,,A,,A,,A,,A
20172,03598492,13,0,2,420,D,1,D,03,D,160,D,,A,,A,,A,,A,,A,,A,,A,,A,,A,,A,,A
20172,03599432,23,0,1,120,D,1,D,05,D,354,D,,A,,A,,A,,A,,A,,A,,A,,A,,A,,A,,A
20172,03600742,5,0,1,120,D,1,D,03,D,200,D,,A,,A,,A,,A,,A,,A,,A,,A,,A,,A,,A
20172,03601472,2,0,1,200,D,1,D,05,D,150,D,,A,,A,,A,,A,,A,,A,,A,,A,,A,,A,,A
20172,03601512,15,0,1,700,D,1,D,03,D,920,D,,A,,A,,A,,A,,A,,A,,A,,A,,A,,A,,A
20172,03601512,16,0,1,700,D,1,D,04,D,920,D,,A,,A,,A,,A,,A,,A,,A,,A,,A,,A,,A
20172,03601512,17,0,1,700,D,1,D,05,D,920,D,,A,,A,,A,,A,,A,,A,,A,,A,,A,,A,,A
20172,03601652,25,0,2,330,D,1,D,03,D,700,D,,A,,A,,A,,A,,A,,A,,A,,A,,A,,A,,A
20172,03601822,11,0,1,420,D,1,D,05,D,115,D,,A,,A,,A,,A,,A,,A,,A,,A,,A,,A,,A
20172,03602962,15,0,2,530,D,1,D,03,D,10,D,,A,,A,,A,,A,,A,,A,,A,,A,,A,,A,,A
20172,03603432,19,0,2,620,D,1,D,03,D,10,D,,A,,A,,A,,A,,A,,A,,A,,A,,A,,A,,A
20172,03603432,20,0,2,620,D,1,D,03,D,20,D,,A,,A,,A,,A,,A,,A,,A,,A,,A,,A,,A
20172,03603932,29,0,1,410,D,1,D,03,D,458,D,,A,,A,,A,,A,,A,,A,,A,,A,,A,,A,1,D
20172,03604302,3,0,1,330,D,1,D,05,D,15,D,,A,,A,,A,,A,,A,,A,,A,,A,,A,,A,,A
20172,03604962,17,0,2,620,D,1,D,03,D,50,D,,A,,A,,A,,A,,A,,A,,A,,A,,A,,A,,A
20172,03606412,17,0,1,420,D,1,D,04,D,500,D,,A,,A,,A,,A,,A,,A,,A,,A,,A,,A,,A
20172,03641501,8,0,1,420,D,1,D,01,D,60,D,,A,,A,,A,,A,,A,,A,,A,,A,,A,,A,,A
20172,03643731,5,0,1,200,D,1,D,03,D,140,D,,A,,A,,A,,A,,A,,A,,A,,A,,A,,A,,A
20172,03645421,19,0,1,420,D,1,D,01,D,50,D,,A,,A,,A,,A,,A,,A,,A,,A,,A,,A,,A
20172,03645421,20,0,1,420,D,1,D,02,D,150,D,,A,,A,,A,,A,,A,,A,,A,,A,,A,,A,,A
20172,03645421,21,0,1,420,D,1,D,03,D,50,D,,A,,A,,A,,A,,A,,A,,A,,A,,A,,A,,A
20172,03645661,7,0,1,700,D,1,D,01,D,400,D,,A,,A,,A,,A,,A,,A,,A,,A,,A,,A,,A
20172,03645661,8,0,1,700,D,1,D,02,D,400,D,,A,,A,,A,,A,,A,,A,,A,,A,,A,,A,,A
20172,03645661,9,0,1,700,D,1,D,03,D,400,D,,A,,A,,A,,A,,A,,A,,A,,A,,A,,A,,A
20172,03646671,17,0,1,700,D,1,D,01,D,900,D,,A,,A,,A,,A,,A,,A,,A,,A,,A,,A,,A
20172,03646671,18,0,1,700,D,1,D,02,D,900,D,,A,,A,,A,,A,,A,,A,,A,,A,,A,,A,,A
20172,03646671,19,0,1,700,D,1,D,03,D,900,D,,A,,A,,A,,A,,A,,A,,A,,A,,A,,A,,A
20172,03646941,42,0,1,620,D,1,D,02,D,45,D,,A,,A,,A,,A,,A,,A,,A,,A,,A,,A,,A
20172,03646941,43,0,1,620,D,1,D,03,D,15,D,,A,,A,,A,,A,,A,,A,,A,,A,,A,,A,,A
20172,03649681,20,0,1,635,D,1,D,03,D,42,D,,A,,A,,A,,A,,A,,A,,A,,A,,A,1,D,,A
20172,03652201,12,0,1,610,D,1,D,03,D,10900,D,,A,,A,,A,,A,,A,,A,,A,,A,,A,,A,,A
20172,03653471,24,0,1,620,D,1,D,02,D,15,D,,A,,A,,A,,A,,A,,A,,A,,A,,A,,A,,A
20172,03653471,25,0,1,620,D,1,D,03,D,15,D,,A,,A,,A,,A,,A,,A,,A,,A,,A,,A,,A
20172,03653471,26,0,1,620,D,1,D,04,D,15,D,,A,,A,,A,,A,,A,,A,,A,,A,,A,,A,,A
20172,03654331,26,0,1,900,D,1,D,02,D,,H,200,D,620,D,110,D,,A,,A,,A,,A,,A,,A,,A,,A
20172,03654331,26,1,1,200,D,1,D,02,D,123,E,,A,,A,,A,,A,,A,,A,,A,,A,,A,,A,,A
20172,03654331,26,2,1,620,D,1,D,02,D,26,E,,A,,A,,A,,A,,A,,A,,A,,A,,A,,A,,A
20172,03654331,26,3,1,110,D,1,D,02,D,76,E,,A,,A,,A,,A,,A,,A,,A,,A,,A,,A,,A
20172,03654331,27,0,1,900,D,1,D,03,D,,H,200,D,620,D,110,D,,A,,A,,A,,A,,A,,A,,A,,A
20172,03654331,27,1,1,200,D,1,D,03,D,124,E,,A,,A,,A,,A,,A,,A,,A,,A,,A,,A,,A
20172,03654331,27,2,1,620,D,1,D,03,D,25,E,,A,,A,,A,,A,,A,,A,,A,,A,,A,,A,,A
20172,03654331,27,3,1,110,D,1,D,03,D,76,E,,A,,A,,A,,A,,A,,A,,A,,A,,A,,A,,A
20172,03654331,28,0,1,900,D,1,D,04,D,,H,200,D,620,D,110,D,,A,,A,,A,,A,,A,,A,,A,,A
20172,03654331,28,1,1,200,D,1,D,04,D,123,E,,A,,A,,A,,A,,A,,A,,A,,A,,A,,A,,A
20172,03654331,28,2,1,620,D,1,D,04,D,26,E,,A,,A,,A,,A,,A,,A,,A,,A,,A,,A,,A
20172,03654331,28,3,1,110,D,1,D,04,D,76,E,,A,,A,,A,,A,,A,,A,,A,,A,,A,,A,,A
20172,03654351,11,0,1,420,D,1,D,04,D,300,D,,A,,A,,A,,A,,A,,A,,A,,A,,A,,A,,A
20172,03655611,8,0,1,200,D,1,D,02,D,350,D,,A,,A,,A,,A,,A,,A,,A,,A,,A,,A,,A
20172,03655811,6,0,1,620,D,1,D,02,D,80,D,,A,,A,,A,,A,,A,,A,,A,,A,,A,,A,,A
20172,03656381,10,0,1,200,D,1,D,03,D,130,D,,A,,A,,A,,A,,A,,A,,A,,A,,A,,A,,A
20172,03656381,11,0,1,620,D,1,D,02,D,180,D,,A,,A,,A,,A,,A,,A,,A,,A,,A,,A,,A
20172,03657331,57,0,1,330,D,1,D,04,D,444,F,,A,,A,,A,,A,,A,,A,,A,,A,,A,,A,,A
20172,03657921,31,0,1,110,D,1,D,02,D,60,D,,A,,A,,A,,A,,A,,A,,A,,A,,A,,A,,A
20172,03657921,32,0,1,110,D,1,D,04,D,100,D,,A,,A,,A,,A,,A,,A,,A,,A,,A,,A,,A
20172,03657921,33,0,1,110,D,1,D,03,D,288,D,,A,,A,,A,,A,,A,,A,,A,,A,,A,,A,,A
20172,03657921,34,0,1,110,D,1,D,03,D,35,D,,A,,A,,A,,A,,A,,A,,A,,A,,A,,A,,A
20172,03657921,35,0,1,110,D,1,D,04,D,3,D,,A,,A,,A,,A,,A,,A,,A,,A,,A,,A,,A
20172,03658701,15,0,1,330,D,1,D,04,D,200,D,,A,,A,,A,,A,,A,,A,,A,,A,,A,,A,,A
20172,03660111,7,0,1,120,D,1,D,04,D,400,D,,A,,A,,A,,A,,A,,A,,A,,A,,A,,A,,A
20172,03660691,7,0,1,120,D,1,D,05,D,270,D,,A,,A,,A,,A,,A,,A,,A,,A,,A,,A,,A
20172,03662611,7,0,1,620,D,1,D,03,D,13,D,,A,,A,,A,,A,,A,,A,,A,,A,,A,,A,,A
20172,03664981,19,0,1,420,D,1,D,03,D,45,D,,A,,A,,A,,A,,A,,A,,A,,A,,A,,A,,A
20172,03665081,24,0,1,420,D,1,D,05,D,15,D,,A,,A,,A,,A,,A,,A,,A,,A,,A,,A,,A
20172,03665311,6,0,1,530,D,1,D,05,D,247,F,,A,,A,,A,,A,,A,,A,,A,,A,,A,,A,,A
20172,03665761,5,0,1,110,D,1,D,03,D,200,D,,A,,A,,A,,A,,A,,A,,A,,A,,A,,A,,A
20172,03665971,19,0,1,420,D,1,D,03,D,238,D,,A,,A,,A,,A,,A,,A,,A,,A,,A,,A,,A
20172,03667141,26,0,1,110,D,1,D,04,D,20,D,,A,,A,,A,,A,,A,,A,,A,,A,,A,,A,,A
20172,03667141,27,0,1,420,D,1,D,03,D,200,D,,A,,A,,A,,A,,A,,A,,A,,A,,A,,A,,A
20172,03667141,28,0,1,420,D,1,D,04,D,200,D,,A,,A,,A,,A,,A,,A,,A,,A,,A,,A,,A
20172,03667141,29,0,1,420,D,1,D,05,D,700,D,,A,,A,,A,,A,,A,,A,,A,,A,,A,,A,,A
20172,03669921,36,0,1,620,D,1,D,04,D,50,D,,A,,A,,A,,A,,A,,A,,A,,A,,A,,A,,A
20172,03669921,37,0,1,620,D,1,D,03,D,12,D,,A,,A,,A,,A,,A,,A,,A,,A,,A,,A,,A
20172,03669941,8,0,1,620,D,1,D,03,D,45,D,,A,,A,,A,,A,,A,,A,,A,,A,,A,,A,,A
20172,03670351,13,0,1,200,D,1,D,05,D,60,D,,A,,A,,A,,A,,A,,A,,A,,A,,A,,A,,A
20172,03670371,45,0,1,410,D,1,D,03,D,70,D,,A,,A,,A,,A,,A,,A,,A,,A,,A,,A,1,D
20172,03670371,46,0,1,410,D,1,D,05,D,135,D,,A,,A,,A,,A,,A,,A,,A,,A,,A,,A,1,D
20172,03670371,47,0,1,410,D,1,D,04,D,100,D,,A,,A,,A,,A,,A,,A,,A,,A,,A,,A,1,D
20172,03670411,6,0,1,620,D,1,D,03,D,20,D,,A,,A,,A,,A,,A,,A,,A,,A,,A,,A,,A
20172,03670411,7,0,1,620,D,1,D,04,D,20,D,,A,,A,,A,,A,,A,,A,,A,,A,,A,,A,,A
20172,03670411,8,0,1,620,D,1,D,05,D,20,D,,A,,A,,A,,A,,A,,A,,A,,A,,A,,A,,A
20172,03670421,10,0,1,420,D,1,D,05,D,122,D,,A,,A,,A,,A,,A,,A,,A,,A,,A,,A,,A
20172,03670801,11,0,1,110,D,1,D,03,D,773,T,,A,,A,,A,,A,,A,,A,,A,,A,,A,,A,,A
20172,03671201,20,0,1,410,D,1,D,03,D,1425,T,,A,,A,,A,,A,,A,,A,,A,,A,,A,,A,1,D
20173,03503554,10,0,1,420,D,1,D,05,D,50,D,,A,,A,,A,,A,,A,,A,,A,,A,,A,,A,,A
20173,03504524,34,0,1,410,D,1,D,06,D,600,D,,A,,A,,A,,A,,A,,A,,A,,A,,A,,A,1,D
20173,03505014,10,0,1,620,D,1,D,05,D,24,D,,A,,A,,A,,A,,A,,A,,A,,A,,A,,A,,A
20173,03505634,25,0,1,635,D,1,D,05,D,75,D,,A,,A,,A,,A,,A,,A,,A,,A,,A,1,D,,A
20173,03507974,39,0,1,420,D,1,D,06,D,500,D,,A,,A,,A,,A,,A,,A,,A,,A,,A,,A,,A
20173,03510624,11,0,1,620,D,1,D,04,D,60,D,,A,,A,,A,,A,,A,,A,,A,,A,,A,,A,,A
20173,03510624,12,0,1,620,D,1,D,05,D,60,D,,A,,A,,A,,A,,A,,A,,A,,A,,A,,A,,A
20173,03511314,22,0,1,620,D,1,D,04,D,80,F,,A,,A,,A,,A,,A,,A,,A,,A,,A,,A,,A
20173,03511654,9,0,1,200,D,1,D,04,D,150,D,,A,,A,,A,,A,,A,,A,,A,,A,,A,,A,,A
20173,03511664,7,0,2,420,D,1,D,04,D,269,D,,A,,A,,A,,A,,A,,A,,A,,A,,A,,A,,A
20173,03512064,22,0,1,200,D,1,D,06,D,20,D,,A,,A,,A,,A,,A,,A,,A,,A,,A,,A,,A
20173,03512954,14,0,2,510,D,1,D,04,D,85,D,,A,,A,,A,,A,,A,,A,,A,,A,,A,,A,,A
20173,03523914,28,0,1,420,D,1,D,07,D,150,D,,A,,A,,A,,A,,A,,A,,A,,A,,A,,A,,A
20173,03523914,29,0,1,200,D,1,D,07,D,189,D,,A,,A,,A,,A,,A,,A,,A,,A,,A,,A,,A
20173,03524344,6,0,1,530,D,1,D,05,D,159,D,,A,,A,,A,,A,,A,,A,,A,,A,,A,,A,,A
20173,03524344,7,0,1,530,D,1,D,06,D,159,D,,A,,A,,A,,A,,A,,A,,A,,A,,A,,A,,A
20173,03524344,8,0,1,530,D,1,D,07,D,159,D,,A,,A,,A,,A,,A,,A,,A,,A,,A,,A,,A
20173,03524374,17,0,1,200,D,1,D,07,D,75,D,,A,,A,,A,,A,,A,,A,,A,,A,,A,,A,,A
20173,03524944,6,0,1,410,D,1,D,05,D,60,D,,A,,A,,A,,A,,A,,A,,A,,A,,A,,A,2,D
20173,03526074,9,0,1,620,D,1,D,07,D,140,D,,A,,A,,A,,A,,A,,A,,A,,A,,A,,A,,A
20173,03527394,28,0,1,200,D,1,D,06,D,200,D,,A,,A,,A,,A,,A,,A,,A,,A,,A,,A,,A
20173,03529534,23,0,2,620,D,1,D,05,D,6,D,,A,,A,,A,,A,,A,,A,,A,,A,,A,,A,,A
20173,03532594,27,0,1,420,D,1,D,06,D,50,D,,A,,A,,A,,A,,A,,A,,A,,A,,A,,A,,A
20173,03532854,6,0,1,620,D,1,D,06,D,30,D,,A,,A,,A,,A,,A,,A,,A,,A,,A,,A,,A
20173,03533224,34,0,1,900,D,1,D,07,D,,H,530,D,420,D,,A,,A,,A,,A,,A,,A,,A,,A,,A
20173,03533224,34,1,1,530,D,1,D,07,D,598,U,,A,,A,,A,,A,,A,,A,,A,,A,,A,,A,,A
20173,03533224,34,2,1,420,D,1,D,07,D,160,E,,A,,A,,A,,A,,A,,A,,A,,A,,A,,A,,A
20173,03533224,35,0,2,420,D,1,D,05,D,131,D,,A,,A,,A,,A,,A,,A,,A,,A,,A,,A,,A
20173,03533404,17,0,1,200,D,1,D,06,D,1200,D,,A,,A,,A,,A,,A,,A,,A,,A,,A,,A,,A
20173,03533964,13,0,1,120,D,1,D,07,D,160,D,,A,,A,,A,,A,,A,,A,,A,,A,,A,,A,,A
20173,03533964,14,0,1,330,D,1,D,06,D,175,D,,A,,A,,A,,A,,A,,A,,A,,A,,A,,A,,A
20173,03534274,29,0,1,635,D,1,D,07,D,10,D,,A,,A,,A,,A,,A,,A,,A,,A,,A,1,D,,A
20173,03546854,9,0,1,110,D,1,D,06,D,123,D,,A,,A,,A,,A,,A,,A,,A,,A,,A,,A,,A
20173,03546854,10,0,2,110,D,1,D,06,D,123,D,,A,,A,,A,,A,,A,,A,,A,,A,,A,,A,,A
20173,03546944,28,0,1,655,D,1,D,08,D,60,D,,A,,A,,A,,A,,A,,A,,A,,A,,A,1,D,,A
20173,03547014,19,0,2,200,D,1,D,06,D,350,D,,A,,A,,A,,A,,A,,A,,A,,A,,A,,A,,A
20173,03547984,25,0,1,620,D,1,D,07,D,35,D,,A,,A,,A,,A,,A,,A,,A,,A,,A,,A,,A
20173,03552144,36,0,1,420,D,1,D,06,D,149,D,,A,,A,,A,,A,,A,,A,,A,,A,,A,,A,,A
20173,03553794,14,0,1,420,D,1,D,08,D,24,D,,A,,A,,A,,A,,A,,A,,A,,A,,A,,A,,A
20173,03554114,11,0,2,330,D,1,D,06,D,700,F,,A,,A,,A,,A,,A,,A,,A,,A,,A,,A,,A
20173,03555394,15,0,1,620,D,1,D,06,D,500,D,,A,,A,,A,,A,,A,,A,,A,,A,,A,,A,,A
20173,03555394,16,0,1,620,D,1,D,07,D,500,D,,A,,A,,A,,A,,A,,A,,A,,A,,A,,A,,A
20173,03555394,17,0,1,620,D,1,D,08,D,130,D,,A,,A,,A,,A,,A,,A,,A,,A,,A,,A,,A
20173,03567203,14,0,1,330,D,1,D,06,D,200,D,,A,,A,,A,,A,,A,,A,,A,,A,,A,,A,,A
20173,03568643,17,0,1,200,D,1,D,06,D,100,D,,A,,A,,A,,A,,A,,A,,A,,A,,A,,A,,A
20173,03568973,15,0,1,120,D,1,D,05,D,300,D,,A,,A,,A,,A,,A,,A,,A,,A,,A,,A,,A
20173,03568973,16,0,1,200,D,1,D,06,D,1000,D,,A,,A,,A,,A,,A,,A,,A,,A,,A,,A,,A
20173,03568973,17,0,1,420,D,1,D,05,D,300,D,,A,,A,,A,,A,,A,,A,,A,,A,,A,,A,,A
20173,03568973,18,0,1,710,D,1,D,06,D,15,D,,A,,A,,A,,A,,A,,A,,A,,A,,A,,A,,A
20173,03569073,25,0,1,620,D,1,D,05,D,68,D,,A,,A,,A,,A,,A,,A,,A,,A,,A,,A,,A
20173,03569183,21,0,1,620,D,1,D,05,D,30,D,,A,,A,,A,,A,,A,,A,,A,,A,,A,,A,,A
20173,03569813,12,0,1,120,D,1,D,04,D,345,D,,A,,A,,A,,A,,A,,A,,A,,A,,A,,A,,A
20173,03570163,26,0,1,530,D,1,D,06,D,240,D,,A,,A,,A,,A,,A,,A,,A,,A,,A,,A,,A
20173,03570163,27,0,1,530,D,1,D,05,D,375,D,,A,,A,,A,,A,,A,,A,,A,,A,,A,,A,,A
20173,03571273,13,0,1,330,D,1,D,06,D,42,D,,A,,A,,A,,A,,A,,A,,A,,A,,A,,A,,A
20173,03571933,20,0,1,420,D,1,D,06,D,411,D,,A,,A,,A,,A,,A,,A,,A,,A,,A,,A,,A
20173,03572703,20,0,1,420,D,1,D,06,D,20,D,,A,,A,,A,,A,,A,,A,,A,,A,,A,,A,,A
20173,03572703,21,0,1,510,D,1,D,05,D,37,D,,A,,A,,A,,A,,A,,A,,A,,A,,A,,A,,A
20173,03573293,9,0,1,420,D,1,D,04,D,2462,T,,A,,A,,A,,A,,A,,A,,A,,A,,A,,A,,A
20173,03573613,16,0,1,620,D,1,D,06,D,20,D,,A,,A,,A,,A,,A,,A,,A,,A,,A,,A,,A
20173,03573813,13,0,1,200,D,1,D,06,D,2850,T,,A,,A,,A,,A,,A,,A,,A,,A,,A,,A,,A
20173,03574043,36,0,2,420,D,1,D,04,D,50,D,,A,,A,,A,,A,,A,,A,,A,,A,,A,,A,,A
20173,03575783,15,0,1,200,D,1,D,04,D,82,D,,A,,A,,A,,A,,A,,A,,A,,A,,A,,A,,A
20173,03575783,16,0,1,200,D,1,D,05,D,82,D,,A,,A,,A,,A,,A,,A,,A,,A,,A,,A,,A
20173,03575783,17,0,1,200,D,1,D,06,D,82,D,,A,,A,,A,,A,,A,,A,,A,,A,,A,,A,,A
20173,03576813,28,0,1,655,D,1,D,04,D,50,D,,A,,A,,A,,A,,A,,A,,A,,A,,A,1,D,,A
20173,03590793,29,0,1,200,D,1,D,07,D,250,D,,A,,A,,A,,A,,A,,A,,A,,A,,A,,A,,A
20173,03591033,6,0,1,200,D,1,D,07,D,80,D,,A,,A,,A,,A,,A,,A,,A,,A,,A,,A,,A
20173,03591123,43,0,1,620,D,1,D,05,D,375,D,,A,,A,,A,,A,,A,,A,,A,,A,,A,,A,,A
20173,03591123,44,0,1,620,D,1,D,06,D,600,D,,A,,A,,A,,A,,A,,A,,A,,A,,A,,A,,A
20173,03591123,45,0,1,620,D,1,D,07,D,600,D,,A,,A,,A,,A,,A,,A,,A,,A,,A,,A,,A
20173,03591453,22,0,1,620,D,1,D,05,D,14,D,,A,,A,,A,,A,,A,,A,,A,,A,,A,,A,,A
20173,03592013,23,0,1,420,D,1,D,05,D,30,D,,A,,A,,A,,A,,A,,A,,A,,A,,A,,A,,A
20173,03593423,17,0,1,530,D,1,D,07,D,326,D,,A,,A,,A,,A,,A,,A,,A,,A,,A,,A,,A
20173,03593763,19,0,2,200,D,1,D,05,D,150,D,,A,,A,,A,,A,,A,,A,,A,,A,,A,,A,,A
20173,03593833,12,0,1,110,D,1,D,06,D,5,D,,A,,A,,A,,A,,A,,A,,A,,A,,A,,A,,A
20173,03596923,19,0,1,200,D,1,D,07,D,500,D,,A,,A,,A,,A,,A,,A,,A,,A,,A,,A,,A
20173,03596923,20,0,1,620,D,1,D,07,D,347,D,,A,,A,,A,,A,,A,,A,,A,,A,,A,,A,,A
20173,03597843,44,0,1,420,D,1,D,06,D,15,D,,A,,A,,A,,A,,A,,A,,A,,A,,A,,A,,A
20173,03598883,36,0,1,420,D,1,D,08,D,40,D,,A,,A,,A,,A,,A,,A,,A,,A,,A,,A,,A
20173,03598923,19,0,1,200,D,1,D,08,D,900,D,,A,,A,,A,,A,,A,,A,,A,,A,,A,,A,,A
20173,03601283,15,0,1,130,D,1,D,08,D,,H,120,D,110,D,,A,,A,,A,,A,,A,,A,,A,,A,,A
20173,03601283,15,1,1,120,D,1,D,08,D,281,E,,A,,A,,A,,A,,A,,A,,A,,A,,A,,A,,A
20173,03601283,15,2,1,110,D,1,D,08,D,69,E,,A,,A,,A,,A,,A,,A,,A,,A,,A,,A,,A
20173,03601283,16,0,1,420,D,1,D,06,D,30,D,,A,,A,,A,,A,,A,,A,,A,,A,,A,,A,,A
20173,03601283,17,0,1,420,D,1,D,07,D,30,D,,A,,A,,A,,A,,A,,A,,A,,A,,A,,A,,A
20173,03601283,18,0,1,420,D,1,D,08,D,60,D,,A,,A,,A,,A,,A,,A,,A,,A,,A,,A,,A
20173,03601513,17,0,1,700,D,1,D,06,D,315,D,,A,,A,,A,,A,,A,,A,,A,,A,,A,,A,,A
20173,03601513,18,0,1,700,D,1,D,07,D,315,D,,A,,A,,A,,A,,A,,A,,A,,A,,A,,A,,A
20173,03601513,19,0,1,700,D,1,D,08,D,315,D,,A,,A,,A,,A,,A,,A,,A,,A,,A,,A,,A
20173,03603113,6,0,1,420,D,1,D,06,D,210,D,,A,,A,,A,,A,,A,,A,,A,,A,,A,,A,,A
20173,03603933,31,0,1,410,D,1,D,07,D,173,D,,A,,A,,A,,A,,A,,A,,A,,A,,A,,A,1,D
20173,03603933,32,0,1,410,D,1,D,08,D,231,D,,A,,A,,A,,A,,A,,A,,A,,A,,A,,A,1,D
20173,03603933,33,0,2,410,D,1,D,06,D,172,D,,A,,A,,A,,A,,A,,A,,A,,A,,A,,A,1,D
20173,03606863,16,0,1,420,D,1,D,07,D,461,F,,A,,A,,A,,A,,A,,A,,A,,A,,A,,A,,A
20173,03607033,4,0,1,200,D,1,D,08,D,2850,T,,A,,A,,A,,A,,A,,A,,A,,A,,A,,A,,A
20173,03607263,18,0,2,620,D,1,D,06,D,60,D,,A,,A,,A,,A,,A,,A,,A,,A,,A,,A,,A
20173,03607363,33,0,1,110,D,1,D,07,D,48,D,,A,,A,,A,,A,,A,,A,,A,,A,,A,,A,,A
20173,03608233,31,0,1,330,D,1,D,06,D,235,D,,A,,A,,A,,A,,A,,A,,A,,A,,A,,A,,A
20173,03641852,25,0,1,200,D,1,D,04,D,200,D,,A,,A,,A,,A,,A,,A,,A,,A,,A,,A,,A
20173,03642002,8,0,1,420,D,1,D,05,D,40,D,,A,,A,,A,,A,,A,,A,,A,,A,,A,,A,,A
20173,03645652,10,0,1,200,D,1,D,06,D,238,D,,A,,A,,A,,A,,A,,A,,A,,A,,A,,A,,A
20173,03645662,7,0,2,700,D,1,D,04,D,400,D,,A,,A,,A,,A,,A,,A,,A,,A,,A,,A,,A
20173,03645712,17,0,1,420,D,1,D,04,D,5,D,,A,,A,,A,,A,,A,,A,,A,,A,,A,,A,,A
20173,03645772,25,0,1,620,D,1,D,06,D,9,D,,A,,A,,A,,A,,A,,A,,A,,A,,A,,A,,A
20173,03646672,29,0,2,700,D,1,D,04,D,224,D,,A,,A,,A,,A,,A,,A,,A,,A,,A,,A,,A
20173,03646942,27,0,1,120,D,1,D,04,D,130,D,,A,,A,,A,,A,,A,,A,,A,,A,,A,,A,,A
20173,03646942,28,0,1,200,D,1,D,05,D,230,D,,A,,A,,A,,A,,A,,A,,A,,A,,A,,A,,A
20173,03646942,29,0,1,410,D,1,D,06,D,106,D,,A,,A,,A,,A,,A,,A,,A,,A,,A,,A,1,D
20173,03646942,30,0,1,410,D,1,D,06,D,400,D,,A,,A,,A,,A,,A,,A,,A,,A,,A,,A,1,D
20173,03648142,32,0,1,200,D,1,D,04,D,369,D,,A,,A,,A,,A,,A,,A,,A,,A,,A,,A,,A
20173,03648202,35,0,1,510,D,1,D,05,D,33,D,,A,,A,,A,,A,,A,,A,,A,,A,,A,,A,,A
20173,03649143,6,0,1,900,D,1,D,06,D,,H,900,D,620,D,,A,,A,,A,,A,,A,,A,,A,,A,,A
20173,03649143,6,1,1,200,D,1,D,06,D,104,E,,A,,A,,A,,A,,A,,A,,A,,A,,A,,A,,A
20173,03649143,6,2,1,620,D,1,D,06,D,96,E,,A,,A,,A,,A,,A,,A,,A,,A,,A,,A,,A
20173,03649882,5,0,1,620,D,1,D,04,D,10,D,,A,,A,,A,,A,,A,,A,,A,,A,,A,,A,,A
20173,03649882,6,0,1,620,D,1,D,05,D,10,D,,A,,A,,A,,A,,A,,A,,A,,A,,A,,A,,A
20173,03649882,7,0,1,620,D,1,D,06,D,10,D,,A,,A,,A,,A,,A,,A,,A,,A,,A,,A,,A
20173,03650462,28,0,2,330,D,1,D,05,D,4233,T,,A,,A,,A,,A,,A,,A,,A,,A,,A,,A,,A
20173,03650912,15,0,1,410,D,1,D,07,D,375,D,,A,,A,,A,,A,,A,,A,,A,,A,,A,,A,2,D
20173,03651902,24,0,1,620,D,1,D,07,D,90,D,,A,,A,,A,,A,,A,,A,,A,,A,,A,,A,,A
20173,03652042,8,0,1,620,D,1,D,05,D,80,F,,A,,A,,A,,A,,A,,A,,A,,A,,A,,A,,A
20173,03652862,13,0,1,120,D,1,D,05,D,500,D,,A,,A,,A,,A,,A,,A,,A,,A,,A,,A,,A
20173,03654312,5,0,1,620,D,1,D,05,D,20,D,,A,,A,,A,,A,,A,,A,,A,,A,,A,,A,,A
20173,03654332,37,0,1,900,D,1,D,05,D,,H,900,D,420,D,,A,,A,,A,,A,,A,,A,,A,,A,,A
20173,03654332,37,1,1,420,D,1,D,05,D,47,E,,A,,A,,A,,A,,A,,A,,A,,A,,A,,A,,A
20173,03654332,37,2,1,530,D,1,D,05,D,150,E,,A,,A,,A,,A,,A,,A,,A,,A,,A,,A,,A
20173,03654332,37,3,1,620,D,1,D,05,D,28,E,,A,,A,,A,,A,,A,,A,,A,,A,,A,,A,,A
20173,03654332,38,0,2,900,D,1,D,05,D,,H,200,D,620,D,110,D,,A,,A,,A,,A,,A,,A,,A,,A
20173,03654332,38,1,2,200,D,1,D,05,D,196,E,,A,,A,,A,,A,,A,,A,,A,,A,,A,,A,,A
20173,03654332,38,2,2,620,D,1,D,05,D,29,E,,A,,A,,A,,A,,A,,A,,A,,A,,A,,A,,A
20173,03654512,9,0,1,330,D,1,D,05,D,50,D,,A,,A,,A,,A,,A,,A,,A,,A,,A,,A,,A
20173,03655592,13,0,1,410,D,1,D,05,D,400,D,,A,,A,,A,,A,,A,,A,,A,,A,,A,,A,1,D
20173,03655592,14,0,1,410,D,1,D,06,D,400,D,,A,,A,,A,,A,,A,,A,,A,,A,,A,,A,1,D
20173,03655592,15,0,1,410,D,1,D,07,D,400,D,,A,,A,,A,,A,,A,,A,,A,,A,,A,,A,1,D
20173,03657842,16,0,1,410,D,1,D,07,D,11,D,,A,,A,,A,,A,,A,,A,,A,,A,,A,,A,1,D
20173,03657922,36,0,1,200,D,1,D,07,D,80,D,,A,,A,,A,,A,,A,,A,,A,,A,,A,,A,,A
20173,03658212,23,0,1,900,D,1,D,07,D,,H,900,D,420,D,,A,,A,,A,,A,,A,,A,,A,,A,,A
20173,03658212,23,1,1,420,D,1,D,07,D,10,E,,A,,A,,A,,A,,A,,A,,A,,A,,A,,A,,A
20173,03658422,25,0,1,120,D,1,D,07,D,350,D,,A,,A,,A,,A,,A,,A,,A,,A,,A,,A,,A
20173,03660472,9,0,2,410,D,1,D,05,D,1,D,,A,,A,,A,,A,,A,,A,,A,,A,,A,,A,1,D
20173,03661512,16,0,1,620,D,1,D,08,D,5,D,,A,,A,,A,,A,,A,,A,,A,,A,,A,,A,,A
20173,03662192,27,0,1,510,D,1,D,08,D,1216,T,,A,,A,,A,,A,,A,,A,,A,,A,,A,,A,,A
20173,03662492,11,0,1,200,D,1,D,08,D,2850,T,,A,,A,,A,,A,,A,,A,,A,,A,,A,,A,,A
20173,03665082,15,0,2,420,D,1,D,06,D,15,D,,A,,A,,A,,A,,A,,A,,A,,A,,A,,A,,A
20173,03665452,30,0,1,120,D,1,D,08,D,500,D,,A,,A,,A,,A,,A,,A,,A,,A,,A,,A,,A
20173,03670352,25,0,1,200,D,1,D,07,D,67,D,,A,,A,,A,,A,,A,,A,,A,,A,,A,,A,,A
20173,03670412,14,0,2,620,D,1,D,06,D,20,D,,A,,A,,A,,A,,A,,A,,A,,A,,A,,A,,A
20173,03670422,11,0,2,620,D,1,D,06,D,12,D,,A,,A,,A,,A,,A,,A,,A,,A,,A,,A,,A
20173,03670574,14,0,1,120,D,1,D,08,D,580,D,,A,,A,,A,,A,,A,,A,,A,,A,,A,,A,,A
20173,03670802,15,0,1,900,D,1,D,08,D,,H,620,D,420,D,,A,,A,,A,,A,,A,,A,,A,,A,,A
20173,03670802,15,1,1,620,D,1,D,08,D,30,E,,A,,A,,A,,A,,A,,A,,A,,A,,A,,A,,A
20173,03670802,15,2,1,420,D,1,D,08,D,50,E,,A,,A,,A,,A,,A,,A,,A,,A,,A,,A,,A
20173,03670802,16,0,1,900,D,1,D,07,D,,H,620,D,420,D,,A,,A,,A,,A,,A,,A,,A,,A,,A
20173,03670802,16,1,1,620,D,1,D,07,D,30,E,,A,,A,,A,,A,,A,,A,,A,,A,,A,,A,,A
20173,03670802,16,2,1,420,D,1,D,07,D,50,E,,A,,A,,A,,A,,A,,A,,A,,A,,A,,A,,A
20173,03670962,14,0,1,900,D,1,D,08,D,,H,510,D,420,D,,A,,A,,A,,A,,A,,A,,A,,A,,A
20173,03670962,14,1,1,510,D,1,D,08,D,1,E,,A,,A,,A,,A,,A,,A,,A,,A,,A,,A,,A
20173,03670962,14,2,1,420,D,1,D,08,D,24,E,,A,,A,,A,,A,,A,,A,,A,,A,,A,,A,,A
20173,03671332,31,0,1,420,D,1,D,08,D,12,D,,A,,A,,A,,A,,A,,A,,A,,A,,A,,A,,A
20173,03692741,26,0,1,120,D,1,D,06,D,180,D,,A,,A,,A,,A,,A,,A,,A,,A,,A,,A,,A
20173,03693601,14,0,1,330,D,1,D,04,D,40,D,,A,,A,,A,,A,,A,,A,,A,,A,,A,,A,,A
20173,03695421,9,0,1,420,D,1,D,06,D,8,D,,A,,A,,A,,A,,A,,A,,A,,A,,A,,A,,A
20173,03697461,8,0,1,620,D,1,D,06,D,100,D,,A,,A,,A,,A,,A,,A,,A,,A,,A,,A,,A
20173,03697801,19,0,1,200,D,1,D,06,D,650,D,,A,,A,,A,,A,,A,,A,,A,,A,,A,,A,,A
20173,03697841,18,0,1,110,D,1,D,04,D,280,D,,A,,A,,A,,A,,A,,A,,A,,A,,A,,A,,A
20173,03697841,19,0,1,110,D,1,D,05,D,773,T,,A,,A,,A,,A,,A,,A,,A,,A,,A,,A,,A
20173,03697841,20,0,1,420,D,1,D,06,D,140,D,,A,,A,,A,,A,,A,,A,,A,,A,,A,,A,,A
20173,03698461,19,0,1,200,D,1,D,06,D,128,D,,A,,A,,A,,A,,A,,A,,A,,A,,A,,A,,A
20173,03698954,24,0,1,620,D,1,D,04,D,300,D,,A,,A,,A,,A,,A,,A,,A,,A,,A,,A,,A
20173,03699031,9,0,1,900,D,1,D,04,D,,H,510,D,200,D,,A,,A,,A,,A,,A,,A,,A,,A,,A
20173,03699031,9,1,1,510,D,1,D,04,D,6,E,,A,,A,,A,,A,,A,,A,,A,,A,,A,,A,,A
20173,03699031,9,2,1,200,D,1,D,04,D,114,E,,A,,A,,A,,A,,A,,A,,A,,A,,A,,A,,A
20173,03699981,23,0,1,200,D,1,D,04,D,150,D,,A,,A,,A,,A,,A,,A,,A,,A,,A,,A,,A
20173,03699981,24,0,1,200,D,1,D,05,D,150,D,,A,,A,,A,,A,,A,,A,,A,,A,,A,,A,,A
20173,03699981,25,0,1,200,D,1,D,06,D,150,D,,A,,A,,A,,A,,A,,A,,A,,A,,A,,A,,A
20173,03699981,26,0,1,900,D,1,D,04,D,,H,620,D,635,D,420,D,,A,,A,,A,,A,,A,,A,,A,,A
20173,03699981,26,1,1,620,D,1,D,04,D,15,E,,A,,A,,A,,A,,A,,A,,A,,A,,A,,A,,A
20173,03699981,26,2,1,635,D,1,D,04,D,15,E,,A,,A,,A,,A,,A,,A,,A,,A,,A,1,D,,A
20173,03699981,26,3,1,420,D,1,D,04,D,320,E,,A,,A,,A,,A,,A,,A,,A,,A,,A,,A,,A
20173,03699981,27,0,1,900,D,1,D,05,D,,H,620,D,635,D,420,D,,A,,A,,A,,A,,A,,A,,A,,A
20173,03699981,27,1,1,620,D,1,D,05,D,15,E,,A,,A,,A,,A,,A,,A,,A,,A,,A,,A,,A
20173,03699981,27,2,1,635,D,1,D,05,D,15,E,,A,,A,,A,,A,,A,,A,,A,,A,,A,1,D,,A
20173,03699981,27,3,1,420,D,1,D,05,D,320,E,,A,,A,,A,,A,,A,,A,,A,,A,,A,,A,,A
20173,03699981,28,0,1,900,D,1,D,06,D,,H,620,D,635,D,420,D,,A,,A,,A,,A,,A,,A,,A,,A
20173,03699981,28,1,1,620,D,1,D,06,D,15,E,,A,,A,,A,,A,,A,,A,,A,,A,,A,,A,,A
20173,03699981,28,2,1,635,D,1,D,06,D,16,E,,A,,A,,A,,A,,A,,A,,A,,A,,A,1,D,,A
20173,03699981,28,3,1,420,D,1,D,06,D,319,E,,A,,A,,A,,A,,A,,A,,A,,A,,A,,A,,A
20173,03700291,11,0,1,620,D,1,D,05,D,10,D,,A,,A,,A,,A,,A,,A,,A,,A,,A,,A,,A
20173,03700691,14,0,1,530,D,1,D,04,D,200,D,,A,,A,,A,,A,,A,,A,,A,,A,,A,,A,,A
20173,03702241,11,0,1,510,D,1,D,04,D,11,D,,A,,A,,A,,A,,A,,A,,A,,A,,A,,A,,A
20173,03713501,20,0,1,420,D,1,D,06,D,2462,T,,A,,A,,A,,A,,A,,A,,A,,A,,A,,A,,A
20173,03717604,9,0,1,620,D,1,D,07,D,100,D,,A,,A,,A,,A,,A,,A,,A,,A,,A,,A,,A
20173,03718634,12,0,1,620,D,1,D,07,D,5,D,,A,,A,,A,,A,,A,,A,,A,,A,,A,,A,,A
20173,03719081,31,0,1,420,D,1,D,05,D,370,D,,A,,A,,A,,A,,A,,A,,A,,A,,A,,A,,A
20173,03720121,19,0,1,200,D,1,D,06,D,950,D,,A,,A,,A,,A,,A,,A,,A,,A,,A,,A,,A
20173,03721571,13,0,1,420,D,1,D,06,D,600,D,,A,,A,,A,,A,,A,,A,,A,,A,,A,,A,,A
20173,03721571,14,0,1,620,D,1,D,07,D,35,D,,A,,A,,A,,A,,A,,A,,A,,A,,A,,A,,A
20173,03722111,17,0,1,120,D,1,D,06,D,200,D,,A,,A,,A,,A,,A,,A,,A,,A,,A,,A,,A
20173,03734481,24,0,1,200,D,1,D,06,D,300,D,,A,,A,,A,,A,,A,,A,,A,,A,,A,,A,,A
20173,03735901,23,0,1,110,D,1,D,06,D,80,D,,A,,A,,A,,A,,A,,A,,A,,A,,A,,A,,A
20173,03736891,9,0,1,420,D,1,D,06,D,600,D,,A,,A,,A,,A,,A,,A,,A,,A,,A,,A,,A
20173,03737741,20,0,1,620,D,1,D,06,D,5,D,,A,,A,,A,,A,,A,,A,,A,,A,,A,,A,,A
20173,03737741,21,0,1,620,D,1,D,07,D,5,D,,A,,A,,A,,A,,A,,A,,A,,A,,A,,A,,A
20173,03737741,22,0,1,620,D,1,D,08,D,5,D,,A,,A,,A,,A,,A,,A,,A,,A,,A,,A,,A
20173,03739311,5,0,1,420,D,1,D,08,D,2462,T,,A,,A,,A,,A,,A,,A,,A,,A,,A,,A,,A
20173,03739321,15,0,1,430,D,1,D,06,D,,H,420,D,410,D,,A,,A,,A,,A,,A,,A,,A,,A,1,D
20173,03739321,15,1,1,420,D,1,D,06,D,477,E,,A,,A,,A,,A,,A,,A,,A,,A,,A,,A,1,D
20173,03739321,15,2,1,410,D,1,D,06,D,523,E,,A,,A,,A,,A,,A,,A,,A,,A,,A,,A,1,D
20173,03739321,16,0,1,110,D,1,D,08,D,150,D,,A,,A,,A,,A,,A,,A,,A,,A,,A,,A,,A
20173,03739321,17,0,1,120,D,1,D,08,D,700,D,,A,,A,,A,,A,,A,,A,,A,,A,,A,,A,,A
20173,03741121,11,0,1,700,D,1,D,06,D,2500,D,,A,,A,,A,,A,,A,,A,,A,,A,,A,,A,,A
20173,03741121,12,0,1,700,D,1,D,07,D,2500,D,,A,,A,,A,,A,,A,,A,,A,,A,,A,,A,,A
20173,03741121,13,0,1,700,D,1,D,08,D,2500,D,,A,,A,,A,,A,,A,,A,,A,,A,,A,,A,,A
20173,03741761,8,0,1,110,D,1,D,08,D,280,D,,A,,A,,A,,A,,A,,A,,A,,A,,A,,A,,A
20173,03742981,8,0,1,200,D,1,D,07,D,200,D,,A,,A,,A,,A,,A,,A,,A,,A,,A,,A,,A
20173,03743061,24,0,1,200,D,1,D,08,D,384,D,,A,,A,,A,,A,,A,,A,,A,,A,,A,,A,,A
20173,03743061,25,0,1,620,D,1,D,08,D,17,D,,A,,A,,A,,A,,A,,A,,A,,A,,A,,A,,A
20173,03744411,24,0,1,120,D,2,D,08,D,300,D,,A,,A,,A,,A,,A,,A,,A,,A,,A,,A,,A
20173,03744621,41,0,1,420,D,1,D,08,D,247,D,,A,,A,,A,,A,,A,,A,,A,,A,,A,,A,,A
20174,03567224,14,0,2,620,D,1,D,07,D,60,D,,A,,A,,A,,A,,A,,A,,A,,A,,A,,A,,A
20174,03568944,11,0,1,620,D,1,D,07,D,2,D,,A,,A,,A,,A,,A,,A,,A,,A,,A,,A,,A
20174,03568944,12,0,1,620,D,1,D,07,D,2,D,,A,,A,,A,,A,,A,,A,,A,,A,,A,,A,,A
20174,03569074,26,0,2,620,D,1,D,07,D,139,D,,A,,A,,A,,A,,A,,A,,A,,A,,A,,A,,A
20174,03570084,18,0,1,420,D,2,D,08,D,109,D,,A,,A,,A,,A,,A,,A,,A,,A,,A,,A,,A
20174,03570084,19,0,1,200,D,2,D,08,D,155,D,,A,,A,,A,,A,,A,,A,,A,,A,,A,,A,,A
20174,03571734,10,0,1,610,D,1,D,09,D,8000,D,,A,,A,,A,,A,,A,,A,,A,,A,,A,,A,,A
20174,03574024,13,0,1,110,D,1,D,08,D,100,D,,A,,A,,A,,A,,A,,A,,A,,A,,A,,A,,A
20174,03574654,30,0,1,530,D,1,D,07,D,30,D,,A,,A,,A,,A,,A,,A,,A,,A,,A,,A,,A
20174,03574654,31,0,1,530,D,1,D,08,D,30,D,,A,,A,,A,,A,,A,,A,,A,,A,,A,,A,,A
20174,03574654,32,0,1,530,D,1,D,09,D,30,D,,A,,A,,A,,A,,A,,A,,A,,A,,A,,A,,A
20174,03575424,13,0,2,200,D,1,D,07,D,186,D,,A,,A,,A,,A,,A,,A,,A,,A,,A,,A,,A
20174,03576794,15,0,1,410,D,1,D,07,D,15,D,,A,,A,,A,,A,,A,,A,,A,,A,,A,,A,2,D
20174,03588774,30,0,1,410,D,1,D,10,D,900,D,,A,,A,,A,,A,,A,,A,,A,,A,,A,,A,2,D
20174,03589464,21,0,1,420,D,1,D,08,D,50,D,,A,,A,,A,,A,,A,,A,,A,,A,,A,,A,,A
20174,03589584,35,0,1,530,D,1,D,08,D,105,D,,A,,A,,A,,A,,A,,A,,A,,A,,A,,A,,A
20174,03591124,36,0,2,620,D,1,D,08,D,600,D,,A,,A,,A,,A,,A,,A,,A,,A,,A,,A,,A
20174,03591234,11,0,1,620,D,1,D,10,D,200,D,,A,,A,,A,,A,,A,,A,,A,,A,,A,,A,,A
20174,03596564,11,0,1,200,D,1,D,10,D,600,D,,A,,A,,A,,A,,A,,A,,A,,A,,A,,A,,A
20174,03597734,17,0,1,620,D,1,D,10,D,100,D,,A,,A,,A,,A,,A,,A,,A,,A,,A,,A,,A
20174,03599774,29,0,1,420,D,1,D,09,D,415,D,,A,,A,,A,,A,,A,,A,,A,,A,,A,,A,,A
20174,03599774,30,0,1,420,D,1,D,10,D,415,D,,A,,A,,A,,A,,A,,A,,A,,A,,A,,A,,A
20174,03599774,31,0,1,420,D,1,D,11,D,415,D,,A,,A,,A,,A,,A,,A,,A,,A,,A,,A,,A
20174,03599774,32,0,1,330,D,1,D,10,D,750,D,,A,,A,,A,,A,,A,,A,,A,,A,,A,,A,,A
20174,03599844,13,0,1,420,D,1,D,09,D,300,D,,A,,A,,A,,A,,A,,A,,A,,A,,A,,A,,A
20174,03599844,14,0,1,420,D,1,D,10,D,100,D,,A,,A,,A,,A,,A,,A,,A,,A,,A,,A,,A
20174,03599844,15,0,1,420,D,1,D,11,D,100,D,,A,,A,,A,,A,,A,,A,,A,,A,,A,,A,,A
20174,03600734,10,0,1,620,D,1,D,10,D,300,D,,A,,A,,A,,A,,A,,A,,A,,A,,A,,A,,A
20174,03601824,10,0,1,900,D,1,D,10,D,,H,620,D,420,D,,A,,A,,A,,A,,A,,A,,A,,A,,A
20174,03601824,10,1,1,620,D,1,D,10,D,50,E,,A,,A,,A,,A,,A,,A,,A,,A,,A,,A,,A
20174,03601824,10,2,1,420,D,1,D,10,D,200,E,,A,,A,,A,,A,,A,,A,,A,,A,,A,,A,,A
20174,03602914,11,0,2,620,D,1,D,09,D,24,D,,A,,A,,A,,A,,A,,A,,A,,A,,A,,A,,A
20174,03603914,16,0,1,200,D,1,D,09,D,262,D,,A,,A,,A,,A,,A,,A,,A,,A,,A,,A,,A
20174,03603934,21,0,1,410,D,1,D,09,D,270,D,,A,,A,,A,,A,,A,,A,,A,,A,,A,,A,1,D
20174,03603934,22,0,1,410,D,1,D,10,D,270,D,,A,,A,,A,,A,,A,,A,,A,,A,,A,,A,1,D
20174,03603934,23,0,1,410,D,1,D,11,D,270,D,,A,,A,,A,,A,,A,,A,,A,,A,,A,,A,1,D
20174,03604854,27,0,1,330,D,1,D,11,D,730,D,,A,,A,,A,,A,,A,,A,,A,,A,,A,,A,,A
20174,03605224,25,0,1,200,D,1,D,11,D,80,D,,A,,A,,A,,A,,A,,A,,A,,A,,A,,A,,A
20174,03605454,7,0,2,620,D,1,D,09,D,10,D,,A,,A,,A,,A,,A,,A,,A,,A,,A,,A,,A
20174,03606414,14,0,2,200,D,1,D,09,D,350,D,,A,,A,,A,,A,,A,,A,,A,,A,,A,,A,,A
20174,03607584,21,0,2,620,D,1,D,09,D,80,D,,A,,A,,A,,A,,A,,A,,A,,A,,A,,A,,A
20174,03641083,7,0,1,200,D,1,D,07,D,550,D,,A,,A,,A,,A,,A,,A,,A,,A,,A,,A,,A
20174,03641083,8,0,1,110,D,1,D,08,D,190,D,,A,,A,,A,,A,,A,,A,,A,,A,,A,,A,,A
20174,03641853,26,0,1,420,D,1,D,09,D,150,D,,A,,A,,A,,A,,A,,A,,A,,A,,A,,A,,A
20174,03642403,18,0,1,420,D,1,D,07,D,84,D,,A,,A,,A,,A,,A,,A,,A,,A,,A,,A,,A
20174,03643143,31,0,1,510,D,1,D,08,D,45,D,,A,,A,,A,,A,,A,,A,,A,,A,,A,,A,,A
20174,03643143,32,0,1,620,D,1,D,08,D,50,D,,A,,A,,A,,A,,A,,A,,A,,A,,A,,A,,A
20174,03643633,34,0,1,620,D,1,D,09,D,30,D,,A,,A,,A,,A,,A,,A,,A,,A,,A,,A,,A
20174,03643633,35,0,1,620,D,1,D,09,D,20,D,,A,,A,,A,,A,,A,,A,,A,,A,,A,,A,,A
20174,03643733,12,0,1,420,D,1,D,08,D,80,D,,A,,A,,A,,A,,A,,A,,A,,A,,A,,A,,A
20174,03646553,31,0,1,330,D,1,D,09,D,1300,D,,A,,A,,A,,A,,A,,A,,A,,A,,A,,A,,A
20174,03646943,31,0,1,620,D,1,D,07,D,150,D,,A,,A,,A,,A,,A,,A,,A,,A,,A,,A,,A
20174,03646943,32,0,1,510,D,1,D,07,D,100,D,,A,,A,,A,,A,,A,,A,,A,,A,,A,,A,,A
20174,03646943,33,0,1,510,D,1,D,08,D,100,D,,A,,A,,A,,A,,A,,A,,A,,A,,A,,A,,A
20174,03646943,34,0,1,510,D,1,D,09,D,100,D,,A,,A,,A,,A,,A,,A,,A,,A,,A,,A,,A
20174,03647713,18,0,1,200,D,1,D,08,D,62,D,,A,,A,,A,,A,,A,,A,,A,,A,,A,,A,,A
20174,03648143,35,0,1,110,D,1,D,08,D,105,D,,A,,A,,A,,A,,A,,A,,A,,A,,A,,A,,A
20174,03649323,15,0,1,120,D,1,D,09,D,100,D,,A,,A,,A,,A,,A,,A,,A,,A,,A,,A,,A
20174,03649883,6,0,2,620,D,1,D,07,D,10,D,,A,,A,,A,,A,,A,,A,,A,,A,,A,,A,,A
20174,03654213,22,0,1,620,D,1,D,08,D,20,D,,A,,A,,A,,A,,A,,A,,A,,A,,A,,A,,A
20174,03654213,23,0,1,620,D,1,D,09,D,20,D,,A,,A,,A,,A,,A,,A,,A,,A,,A,,A,,A
20174,03654213,24,0,1,620,D,1,D,10,D,20,D,,A,,A,,A,,A,,A,,A,,A,,A,,A,,A,,A
20174,03654313,4,0,1,620,D,1,D,08,D,20,D,,A,,A,,A,,A,,A,,A,,A,,A,,A,,A,,A
20174,03654333,37,0,1,900,D,1,D,08,D,,H,120,D,200,D,620,D,110,D,,A,,A,,A,,A,,A,,A,,A
20174,03654333,37,1,1,120,D,1,D,08,D,84,E,,A,,A,,A,,A,,A,,A,,A,,A,,A,,A,,A
20174,03654333,37,2,1,200,D,1,D,08,D,552,E,,A,,A,,A,,A,,A,,A,,A,,A,,A,,A,,A
20174,03654333,37,3,1,620,D,1,D,08,D,42,E,,A,,A,,A,,A,,A,,A,,A,,A,,A,,A,,A
20174,03654333,37,4,1,110,D,1,D,08,D,222,E,,A,,A,,A,,A,,A,,A,,A,,A,,A,,A,,A
20174,03655593,15,0,2,410,D,1,D,08,D,400,D,,A,,A,,A,,A,,A,,A,,A,,A,,A,,A,1,D
20174,03655903,13,0,1,420,D,1,D,08,D,1200,D,,A,,A,,A,,A,,A,,A,,A,,A,,A,,A,,A
20174,03656273,31,0,1,655,D,1,D,09,D,25,D,,A,,A,,A,,A,,A,,A,,A,,A,,A,1,D,,A
20174,03656383,18,0,2,420,D,1,D,08,D,140,D,,A,,A,,A,,A,,A,,A,,A,,A,,A,,A,,A
20174,03656413,14,0,2,330,D,1,D,08,D,300,D,,A,,A,,A,,A,,A,,A,,A,,A,,A,,A,,A
20174,03658613,9,0,1,330,D,1,D,09,D,771,D,,A,,A,,A,,A,,A,,A,,A,,A,,A,,A,,A
20174,03661213,30,0,1,330,D,1,D,10,D,150,D,,A,,A,,A,,A,,A,,A,,A,,A,,A,,A,,A
20174,03661213,31,0,1,420,D,1,D,10,D,25,D,,A,,A,,A,,A,,A,,A,,A,,A,,A,,A,,A
20174,03661213,32,0,1,420,D,1,D,09,D,25,D,,A,,A,,A,,A,,A,,A,,A,,A,,A,,A,,A
20174,03664164,13,0,2,510,D,1,D,09,D,1216,T,,A,,A,,A,,A,,A,,A,,A,,A,,A,,A,,A
20174,03666153,19,0,1,510,D,1,D,11,D,60,D,,A,,A,,A,,A,,A,,A,,A,,A,,A,,A,,A
20174,03667763,12,0,1,620,D,1,D,11,D,30,D,,A,,A,,A,,A,,A,,A,,A,,A,,A,,A,,A
20174,03668913,8,0,1,330,D,1,D,11,D,40,D,,A,,A,,A,,A,,A,,A,,A,,A,,A,,A,,A
20174,03670223,17,0,2,200,D,2,D,09,D,305,F,,A,,A,,A,,A,,A,,A,,A,,A,,A,,A,,A
20174,03670353,18,0,1,200,D,1,D,11,D,67,D,,A,,A,,A,,A,,A,,A,,A,,A,,A,,A,,A
20174,03670363,15,0,1,110,D,1,D,10,D,40,D,,A,,A,,A,,A,,A,,A,,A,,A,,A,,A,,A
20174,03670363,16,0,1,620,D,1,D,11,D,35,D,,A,,A,,A,,A,,A,,A,,A,,A,,A,,A,,A
20174,03670803,23,0,1,530,D,1,D,10,D,125,D,,A,,A,,A,,A,,A,,A,,A,,A,,A,,A,,A
20174,03670803,24,0,2,900,D,1,D,09,D,,H,620,D,420,D,,A,,A,,A,,A,,A,,A,,A,,A,,A
20174,03670803,24,1,2,620,D,1,D,09,D,12,E,,A,,A,,A,,A,,A,,A,,A,,A,,A,,A,,A
20174,03670803,24,2,2,420,D,1,D,09,D,48,E,,A,,A,,A,,A,,A,,A,,A,,A,,A,,A,,A
20174,03692492,16,0,1,330,D,1,D,09,D,1400,D,,A,,A,,A,,A,,A,,A,,A,,A,,A,,A,,A
20174,03692742,29,0,1,900,D,1,D,07,D,,H,420,D,510,D,620,D,410,D,330,D,,A,,A,,A,,A,,A,,A
20174,03692742,29,1,1,420,D,1,D,07,D,715,E,,A,,A,,A,,A,,A,,A,,A,,A,,A,,A,,A
20174,03692742,29,2,1,510,D,1,D,07,D,401,E,,A,,A,,A,,A,,A,,A,,A,,A,,A,,A,,A
20174,03692742,29,3,1,620,D,1,D,07,D,178,E,,A,,A,,A,,A,,A,,A,,A,,A,,A,,A,,A
20174,03692742,29,4,1,410,D,1,D,07,D,722,E,,A,,A,,A,,A,,A,,A,,A,,A,,A,,A,,A
20174,03692742,29,5,1,330,D,1,D,07,D,1784,E,,A,,A,,A,,A,,A,,A,,A,,A,,A,,A,,A
20174,03693602,17,0,1,330,D,1,D,07,D,40,D,,A,,A,,A,,A,,A,,A,,A,,A,,A,,A,,A
20174,03693602,18,0,1,330,D,1,D,08,D,40,D,,A,,A,,A,,A,,A,,A,,A,,A,,A,,A,,A
20174,03694072,12,0,1,330,D,1,D,09,D,130,D,,A,,A,,A,,A,,A,,A,,A,,A,,A,,A,,A
20174,03695602,7,0,1,420,D,1,D,08,D,779,D,,A,,A,,A,,A,,A,,A,,A,,A,,A,,A,,A
20174,03696032,8,0,2,620,D,1,D,07,D,100,D,,A,,A,,A,,A,,A,,A,,A,,A,,A,,A,,A
20174,03697842,27,0,1,110,D,1,D,09,D,250,D,,A,,A,,A,,A,,A,,A,,A,,A,,A,,A,,A
20174,03697852,12,0,1,420,D,1,D,09,D,200,D,,A,,A,,A,,A,,A,,A,,A,,A,,A,,A,,A
20174,03698712,34,0,1,420,D,1,D,07,D,60,D,,A,,A,,A,,A,,A,,A,,A,,A,,A,,A,,A
20174,03698722,22,0,1,420,D,1,D,08,D,25,D,,A,,A,,A,,A,,A,,A,,A,,A,,A,,A,,A
20174,03699072,35,0,1,420,D,1,D,07,D,15,D,,A,,A,,A,,A,,A,,A,,A,,A,,A,,A,,A
20174,03699982,24,0,2,200,D,1,D,07,D,150,D,,A,,A,,A,,A,,A,,A,,A,,A,,A,,A,,A
20174,03699982,25,0,2,900,D,1,D,07,D,,H,620,D,635,D,420,D,,A,,A,,A,,A,,A,,A,,A,,A
20174,03699982,25,1,2,620,D,1,D,07,D,70,E,,A,,A,,A,,A,,A,,A,,A,,A,,A,,A,,A
20174,03699982,25,2,2,635,D,1,D,07,D,1112,U,,A,,A,,A,,A,,A,,A,,A,,A,,A,1,D,,A
20174,03699982,25,3,2,420,D,1,D,07,D,70,E,,A,,A,,A,,A,,A,,A,,A,,A,,A,,A,,A
20174,03701792,27,0,1,620,D,1,D,08,D,804,D,,A,,A,,A,,A,,A,,A,,A,,A,,A,,A,,A
20174,03701792,28,0,1,620,D,1,D,09,D,25,D,,A,,A,,A,,A,,A,,A,,A,,A,,A,,A,,A
20174,03702482,10,0,1,410,D,1,D,08,D,12,D,,A,,A,,A,,A,,A,,A,,A,,A,,A,,A,1,D
20174,03702482,11,0,1,510,D,1,D,09,D,100,D,,A,,A,,A,,A,,A,,A,,A,,A,,A,,A,,A
20174,03713252,10,0,1,200,D,1,D,10,D,200,D,,A,,A,,A,,A,,A,,A,,A,,A,,A,,A,,A
20174,03713422,12,0,1,620,D,1,D,08,D,20,D,,A,,A,,A,,A,,A,,A,,A,,A,,A,,A,,A
20174,03713422,13,0,1,620,D,1,D,09,D,20,D,,A,,A,,A,,A,,A,,A,,A,,A,,A,,A,,A
20174,03713422,14,0,1,620,D,1,D,10,D,20,D,,A,,A,,A,,A,,A,,A,,A,,A,,A,,A,,A
20174,03713432,14,0,1,410,D,1,D,08,D,81,D,,A,,A,,A,,A,,A,,A,,A,,A,,A,,A,1,D
20174,03713432,15,0,1,410,D,1,D,09,D,81,D,,A,,A,,A,,A,,A,,A,,A,,A,,A,,A,1,D
20174,03713432,16,0,1,410,D,1,D,10,D,81,D,,A,,A,,A,,A,,A,,A,,A,,A,,A,,A,1,D
20174,03713502,12,0,1,620,D,1,D,08,D,75,D,,A,,A,,A,,A,,A,,A,,A,,A,,A,,A,,A
20174,03714172,7,0,1,200,D,1,D,08,D,830,D,,A,,A,,A,,A,,A,,A,,A,,A,,A,,A,,A
20174,03714252,12,0,1,620,D,1,D,10,D,126,D,,A,,A,,A,,A,,A,,A,,A,,A,,A,,A,,A
20174,03715122,37,0,1,510,D,1,D,10,D,1216,T,,A,,A,,A,,A,,A,,A,,A,,A,,A,,A,,A
20174,03715492,24,0,1,620,D,1,D,10,D,12,D,,A,,A,,A,,A,,A,,A,,A,,A,,A,,A,,A
20174,03717542,22,0,1,110,D,1,D,10,D,10,D,,A,,A,,A,,A,,A,,A,,A,,A,,A,,A,,A
20174,03719252,40,0,1,620,D,1,D,08,D,55,D,,A,,A,,A,,A,,A,,A,,A,,A,,A,,A,,A
20174,03719252,41,0,1,620,D,1,D,09,D,99,D,,A,,A,,A,,A,,A,,A,,A,,A,,A,,A,,A
20174,03719252,42,0,1,620,D,1,D,10,D,6,D,,A,,A,,A,,A,,A,,A,,A,,A,,A,,A,,A
20174,03719592,7,0,1,120,D,1,D,10,D,180,D,,A,,A,,A,,A,,A,,A,,A,,A,,A,,A,,A
20174,03720562,22,0,1,530,D,1,D,08,D,3,D,,A,,A,,A,,A,,A,,A,,A,,A,,A,,A,,A
20174,03720562,23,0,1,530,D,1,D,09,D,3,D,,A,,A,,A,,A,,A,,A,,A,,A,,A,,A,,A
20174,03720562,24,0,1,530,D,1,D,10,D,3,D,,A,,A,,A,,A,,A,,A,,A,,A,,A,,A,,A
20174,03720652,8,0,1,620,D,1,D,08,D,4,D,,A,,A,,A,,A,,A,,A,,A,,A,,A,,A,,A
20174,03720652,9,0,1,620,D,1,D,09,D,4,D,,A,,A,,A,,A,,A,,A,,A,,A,,A,,A,,A
20174,03720652,10,0,1,620,D,1,D,10,D,4,D,,A,,A,,A,,A,,A,,A,,A,,A,,A,,A,,A
20174,03723612,23,0,1,200,D,1,D,10,D,138,D,,A,,A,,A,,A,,A,,A,,A,,A,,A,,A,,A
20174,03723652,19,0,1,120,D,1,D,09,D,40,D,,A,,A,,A,,A,,A,,A,,A,,A,,A,,A,,A
20174,03736732,11,0,1,420,D,1,D,11,D,100,D,,A,,A,,A,,A,,A,,A,,A,,A,,A,,A,,A
20174,03736732,12,0,1,620,D,1,D,11,D,400,D,,A,,A,,A,,A,,A,,A,,A,,A,,A,,A,,A
20174,03736782,48,0,1,200,D,1,D,11,D,622,D,,A,,A,,A,,A,,A,,A,,A,,A,,A,,A,,A
20174,03737912,12,0,1,420,D,1,D,09,D,870,D,,A,,A,,A,,A,,A,,A,,A,,A,,A,,A,,A
20174,03738352,15,0,1,620,D,2,D,10,D,410,D,,A,,A,,A,,A,,A,,A,,A,,A,,A,,A,,A
20174,03739272,17,0,1,420,D,1,D,11,D,20,D,,A,,A,,A,,A,,A,,A,,A,,A,,A,,A,,A
20174,03739272,18,0,1,530,D,1,D,11,D,598,T,,A,,A,,A,,A,,A,,A,,A,,A,,A,,A,,A
20174,03741512,29,0,2,420,D,1,D,09,D,182,D,,A,,A,,A,,A,,A,,A,,A,,A,,A,,A,,A
20174,03742312,12,0,1,200,D,1,D,10,D,19,D,,A,,A,,A,,A,,A,,A,,A,,A,,A,,A,,A
20174,03742582,12,0,1,620,D,1,D,11,D,75,D,,A,,A,,A,,A,,A,,A,,A,,A,,A,,A,,A
20174,03742692,15,0,1,330,D,1,D,11,D,400,D,,A,,A,,A,,A,,A,,A,,A,,A,,A,,A,,A
20174,03743062,22,0,1,620,D,1,D,11,D,17,D,,A,,A,,A,,A,,A,,A,,A,,A,,A,,A,,A
20174,03755541,7,0,1,200,D,1,D,09,D,300,D,,A,,A,,A,,A,,A,,A,,A,,A,,A,,A,,A
20174,03755541,8,0,1,330,D,1,D,09,D,200,D,,A,,A,,A,,A,,A,,A,,A,,A,,A,,A,,A
20174,03755541,9,0,1,420,D,1,D,09,D,100,D,,A,,A,,A,,A,,A,,A,,A,,A,,A,,A,,A
20174,03755541,10,0,1,620,D,1,D,09,D,20,D,,A,,A,,A,,A,,A,,A,,A,,A,,A,,A,,A
20174,03756231,23,0,1,410,D,1,D,08,D,33,D,,A,,A,,A,,A,,A,,A,,A,,A,,A,,A,2,D
20174,03756691,4,0,1,620,D,1,D,09,D,94,F,,A,,A,,A,,A,,A,,A,,A,,A,,A,,A,,A
20174,03758421,10,0,1,420,D,1,D,09,D,25,D,,A,,A,,A,,A,,A,,A,,A,,A,,A,,A,,A
20174,03758841,32,0,1,610,D,1,D,08,D,6000,D,,A,,A,,A,,A,,A,,A,,A,,A,,A,,A,,A
20174,03758921,9,0,1,420,D,1,D,09,D,1000,D,,A,,A,,A,,A,,A,,A,,A,,A,,A,,A,,A
20174,03759081,19,0,1,200,D,1,D,08,D,90,D,,A,,A,,A,,A,,A,,A,,A,,A,,A,,A,,A
20174,03759141,14,0,1,420,D,1,D,09,D,200,D,,A,,A,,A,,A,,A,,A,,A,,A,,A,,A,,A
20174,03759141,15,0,1,200,D,1,D,08,D,200,D,,A,,A,,A,,A,,A,,A,,A,,A,,A,,A,,A
20174,03760551,18,0,1,610,D,1,D,09,D,435,D,,A,,A,,A,,A,,A,,A,,A,,A,,A,,A,,A
20174,03761301,13,0,1,635,D,1,D,08,D,1112,T,,A,,A,,A,,A,,A,,A,,A,,A,,A,1,D,,A
20174,03761331,17,0,1,330,D,1,D,09,D,120,D,,A,,A,,A,,A,,A,,A,,A,,A,,A,,A,,A
20174,03763041,13,0,1,200,D,1,D,07,D,600,D,,A,,A,,A,,A,,A,,A,,A,,A,,A,,A,,A
20174,03763301,5,0,1,420,D,1,D,09,D,35,D,,A,,A,,A,,A,,A,,A,,A,,A,,A,,A,,A
20174,03776871,28,0,1,200,D,1,D,08,D,752,D,,A,,A,,A,,A,,A,,A,,A,,A,,A,,A,,A
20174,03777611,12,0,1,110,D,1,D,09,D,200,D,,A,,A,,A,,A,,A,,A,,A,,A,,A,,A,,A
20174,03777611,13,0,1,420,D,1,D,10,D,750,D,,A,,A,,A,,A,,A,,A,,A,,A,,A,,A,,A
20174,03780041,11,0,1,510,D,1,D,10,D,40,D,,A,,A,,A,,A,,A,,A,,A,,A,,A,,A,,A
20174,03784171,32,0,1,420,D,1,D,10,D,25,D,,A,,A,,A,,A,,A,,A,,A,,A,,A,,A,,A
20174,03785521,29,0,1,420,D,1,D,10,D,50,D,,A,,A,,A,,A,,A,,A,,A,,A,,A,,A,,A
20174,03785521,30,0,1,620,D,1,D,08,D,110,D,,A,,A,,A,,A,,A,,A,,A,,A,,A,,A,,A
20174,03785581,15,0,1,620,D,1,D,10,D,10,D,,A,,A,,A,,A,,A,,A,,A,,A,,A,,A,,A
20174,03785931,13,0,1,900,D,1,D,10,D,,H,620,D,420,D,410,D,200,D,,A,,A,,A,,A,,A,,A,,A
20174,03785931,13,1,1,620,D,1,D,10,D,96,E,,A,,A,,A,,A,,A,,A,,A,,A,,A,,A,,A
20174,03785931,13,2,1,420,D,1,D,10,D,96,E,,A,,A,,A,,A,,A,,A,,A,,A,,A,,A,,A
20174,03785931,13,3,1,410,D,1,D,10,D,261,E,,A,,A,,A,,A,,A,,A,,A,,A,,A,,A,,A
20174,03785931,13,4,1,200,D,1,D,10,D,144,E,,A,,A,,A,,A,,A,,A,,A,,A,,A,,A,,A
20174,03786151,11,0,1,620,D,1,D,08,D,15,D,,A,,A,,A,,A,,A,,A,,A,,A,,A,,A,,A
20174,03786151,12,0,1,620,D,1,D,09,D,15,D,,A,,A,,A,,A,,A,,A,,A,,A,,A,,A,,A
20174,03786151,13,0,1,620,D,1,D,10,D,15,D,,A,,A,,A,,A,,A,,A,,A,,A,,A,,A,,A
20174,03797461,16,0,1,510,D,1,D,11,D,70,D,,A,,A,,A,,A,,A,,A,,A,,A,,A,,A,,A
20174,03800611,14,0,1,510,D,1,D,11,D,289,F,,A,,A,,A,,A,,A,,A,,A,,A,,A,,A,,A
20174,03800611,15,0,1,510,D,1,D,10,D,289,F,,A,,A,,A,,A,,A,,A,,A,,A,,A,,A,,A
20174,03804021,12,0,1,510,D,1,D,11,D,25,D,,A,,A,,A,,A,,A,,A,,A,,A,,A,,A,,A
20174,03805271,20,0,1,620,D,1,D,10,D,380,D,,A,,A,,A,,A,,A,,A,,A,,A,,A,,A,,A
20174,03807151,24,0,1,200,D,1,D,09,D,84,D,,A,,A,,A,,A,,A,,A,,A,,A,,A,,A,,A
20174,03807151,25,0,1,200,D,1,D,10,D,84,D,,A,,A,,A,,A,,A,,A,,A,,A,,A,,A,,A
20174,03807151,26,0,1,200,D,1,D,11,D,84,D,,A,,A,,A,,A,,A,,A,,A,,A,,A,,A,,A
20174,03808231,12,0,1,120,D,1,D,11,D,300,D,,A,,A,,A,,A,,A,,A,,A,,A,,A,,A,,A
20181,03639794,6,0,1,200,D,1,D,10,D,150,D,,A,,A,,A,,A,,A,,A,,A,,A,,A,,A,,A
20181,03641714,24,0,1,620,D,1,D,10,D,30,D,,A,,A,,A,,A,,A,,A,,A,,A,,A,,A,,A
20181,03642104,27,0,1,130,D,1,D,11,D,,H,110,D,120,D,,A,,A,,A,,A,,A,,A,,A,,A,,A
20181,03642104,27,1,1,110,D,1,D,11,D,121,E,,A,,A,,A,,A,,A,,A,,A,,A,,A,,A,,A
20181,03642104,27,2,1,120,D,1,D,11,D,91,E,,A,,A,,A,,A,,A,,A,,A,,A,,A,,A,,A
20181,03642204,15,0,1,510,D,1,D,12,D,1216,T,,A,,A,,A,,A,,A,,A,,A,,A,,A,,A,,A
20181,03643764,54,0,2,610,D,1,D,10,D,38,D,,A,,A,,A,,A,,A,,A,,A,,A,,A,,A,,A
20181,03644904,21,0,1,200,D,1,D,12,D,1000,D,,A,,A,,A,,A,,A,,A,,A,,A,,A,,A,,A
20181,03645644,10,0,1,410,D,1,D,10,D,2,D,,A,,A,,A,,A,,A,,A,,A,,A,,A,,A,2,D
20181,03645644,11,0,1,410,D,1,D,12,D,2,D,,A,,A,,A,,A,,A,,A,,A,,A,,A,,A,2,D
20181,03645714,16,0,1,620,D,1,D,10,D,10,D,,A,,A,,A,,A,,A,,A,,A,,A,,A,,A,,A
20181,03646564,14,0,1,420,D,1,D,12,D,120,D,,A,,A,,A,,A,,A,,A,,A,,A,,A,,A,,A
20181,03646824,19,0,1,110,D,1,D,12,D,20,D,,A,,A,,A,,A,,A,,A,,A,,A,,A,,A,,A
20181,03646944,26,0,2,510,D,1,D,10,D,100,D,,A,,A,,A,,A,,A,,A,,A,,A,,A,,A,,A
20181,03647044,11,0,1,200,D,1,D,11,D,170,D,,A,,A,,A,,A,,A,,A,,A,,A,,A,,A,,A
20181,03647044,12,0,1,110,D,1,D,11,D,80,D,,A,,A,,A,,A,,A,,A,,A,,A,,A,,A,,A
20181,03648344,8,0,1,420,D,1,D,12,D,45,D,,A,,A,,A,,A,,A,,A,,A,,A,,A,,A,,A
20181,03648344,9,0,1,120,D,1,D,12,D,25,D,,A,,A,,A,,A,,A,,A,,A,,A,,A,,A,,A
20181,03650954,14,0,1,200,D,1,D,12,D,24,D,,A,,A,,A,,A,,A,,A,,A,,A,,A,,A,,A
20181,03651664,21,0,1,620,D,1,D,01,D,35,D,,A,,A,,A,,A,,A,,A,,A,,A,,A,,A,,A
20181,03651664,22,0,1,620,D,1,D,01,D,35,D,,A,,A,,A,,A,,A,,A,,A,,A,,A,,A,,A
20181,03651664,23,0,1,620,D,1,D,11,D,35,D,,A,,A,,A,,A,,A,,A,,A,,A,,A,,A,,A
20181,03651664,24,0,1,620,D,1,D,12,D,35,D,,A,,A,,A,,A,,A,,A,,A,,A,,A,,A,,A
20181,03652224,15,0,1,110,D,1,D,01,D,30,D,,A,,A,,A,,A,,A,,A,,A,,A,,A,,A,,A
20181,03652714,25,0,1,620,D,1,D,01,D,125,D,,A,,A,,A,,A,,A,,A,,A,,A,,A,,A,,A
20181,03653004,9,0,1,620,D,1,D,01,D,100,D,,A,,A,,A,,A,,A,,A,,A,,A,,A,,A,,A
20181,03653004,10,0,1,620,D,1,D,11,D,100,D,,A,,A,,A,,A,,A,,A,,A,,A,,A,,A,,A
20181,03653004,11,0,1,620,D,1,D,12,D,100,D,,A,,A,,A,,A,,A,,A,,A,,A,,A,,A,,A
20181,03654214,25,0,2,620,D,1,D,11,D,20,D,,A,,A,,A,,A,,A,,A,,A,,A,,A,,A,,A
20181,03654334,63,0,1,110,D,1,D,01,D,225,D,,A,,A,,A,,A,,A,,A,,A,,A,,A,,A,,A
20181,03654334,995,0,1,110,D,1,D,11,D,225,D,,A,,A,,A,,A,,A,,A,,A,,A,,A,,A,2,D
20181,03654334,996,0,1,110,D,1,D,12,D,225,D,,A,,A,,A,,A,,A,,A,,A,,A,,A,,A,2,D
20181,03654774,8,0,1,410,D,1,D,11,D,280,D,,A,,A,,A,,A,,A,,A,,A,,A,,A,,A,1,D
20181,03654774,9,0,1,620,D,1,D,11,D,10,D,,A,,A,,A,,A,,A,,A,,A,,A,,A,,A,,A
20181,03656374,30,0,1,635,D,1,D,01,D,100,D,,A,,A,,A,,A,,A,,A,,A,,A,,A,1,D,,A
20181,03657264,15,0,1,420,D,2,D,01,D,40,D,,A,,A,,A,,A,,A,,A,,A,,A,,A,,A,,A
20181,03661214,45,0,1,620,D,1,D,02,D,39,D,,A,,A,,A,,A,,A,,A,,A,,A,,A,,A,,A
20181,03661214,46,0,1,620,D,1,D,02,D,28,D,,A,,A,,A,,A,,A,,A,,A,,A,,A,,A,,A
20181,03661874,52,0,1,610,D,1,D,02,D,2200,D,,A,,A,,A,,A,,A,,A,,A,,A,,A,,A,,A
20181,03662694,43,0,1,620,D,1,D,02,D,24,D,,A,,A,,A,,A,,A,,A,,A,,A,,A,,A,,A
20181,03665724,10,0,1,420,D,1,D,12,D,2462,T,,A,,A,,A,,A,,A,,A,,A,,A,,A,,A,,A
20181,03665974,17,0,1,420,D,1,D,01,D,398,D,,A,,A,,A,,A,,A,,A,,A,,A,,A,,A,,A
20181,03667764,12,0,2,530,D,1,D,12,D,150,D,,A,,A,,A,,A,,A,,A,,A,,A,,A,,A,,A
20181,03668474,21,0,1,620,D,1,D,01,D,367,D,,A,,A,,A,,A,,A,,A,,A,,A,,A,,A,,A
20181,03693993,8,0,1,130,D,1,D,12,D,,H,120,D,110,D,,A,,A,,A,,A,,A,,A,,A,,A,,A
20181,03693993,8,1,1,120,D,1,D,12,D,91,E,,A,,A,,A,,A,,A,,A,,A,,A,,A,,A,,A
20181,03693993,8,2,1,110,D,1,D,12,D,109,E,,A,,A,,A,,A,,A,,A,,A,,A,,A,,A,,A
20181,03695223,29,0,1,420,D,1,D,10,D,80,D,,A,,A,,A,,A,,A,,A,,A,,A,,A,,A,,A
20181,03695223,30,0,1,420,D,1,D,11,D,80,D,,A,,A,,A,,A,,A,,A,,A,,A,,A,,A,,A
20181,03695633,11,0,1,200,D,1,D,11,D,100,D,,A,,A,,A,,A,,A,,A,,A,,A,,A,,A,,A
20181,03695633,12,0,1,200,D,1,D,12,D,100,D,,A,,A,,A,,A,,A,,A,,A,,A,,A,,A,,A
20181,03698233,50,0,1,110,D,1,D,10,D,120,D,,A,,A,,A,,A,,A,,A,,A,,A,,A,,A,,A
20181,03698333,17,0,2,420,D,1,D,10,D,15,D,,A,,A,,A,,A,,A,,A,,A,,A,,A,,A,,A
20181,03698713,26,0,1,110,D,1,D,10,D,150,D,,A,,A,,A,,A,,A,,A,,A,,A,,A,,A,,A
20181,03698873,28,0,1,620,D,1,D,12,D,40,D,,A,,A,,A,,A,,A,,A,,A,,A,,A,,A,,A
20181,03698973,25,0,2,620,D,1,D,10,D,35,D,,A,,A,,A,,A,,A,,A,,A,,A,,A,,A,,A
20181,03699033,16,0,1,510,D,1,D,12,D,35,D,,A,,A,,A,,A,,A,,A,,A,,A,,A,,A,,A
20181,03700013,33,0,1,510,D,1,D,11,D,35,D,,A,,A,,A,,A,,A,,A,,A,,A,,A,,A,,A
20181,03700613,14,0,1,620,D,1,D,11,D,100,D,,A,,A,,A,,A,,A,,A,,A,,A,,A,,A,,A
20181,03701513,11,0,1,200,D,1,D,12,D,347,D,,A,,A,,A,,A,,A,,A,,A,,A,,A,,A,,A
20181,03702343,35,0,1,200,D,1,D,12,D,450,D,,A,,A,,A,,A,,A,,A,,A,,A,,A,,A,,A
20181,03702483,8,0,1,330,D,1,D,12,D,800,D,,A,,A,,A,,A,,A,,A,,A,,A,,A,,A,,A
20181,03702483,9,0,1,620,D,1,D,12,D,12,D,,A,,A,,A,,A,,A,,A,,A,,A,,A,,A,,A
20181,03702543,16,0,1,420,D,1,D,10,D,160,D,,A,,A,,A,,A,,A,,A,,A,,A,,A,,A,,A
20181,03713423,16,0,2,620,D,1,D,11,D,20,D,,A,,A,,A,,A,,A,,A,,A,,A,,A,,A,,A
20181,03713983,8,0,1,510,D,1,D,11,D,20,D,,A,,A,,A,,A,,A,,A,,A,,A,,A,,A,,A
20181,03713983,9,0,1,620,D,1,D,11,D,10,D,,A,,A,,A,,A,,A,,A,,A,,A,,A,,A,,A
20181,03713983,10,0,1,620,D,1,D,12,D,10,D,,A,,A,,A,,A,,A,,A,,A,,A,,A,,A,,A
20181,03713983,11,0,1,620,D,1,D,12,D,10,D,,A,,A,,A,,A,,A,,A,,A,,A,,A,,A,,A
20181,03713983,12,0,1,620,D,1,D,01,D,10,D,,A,,A,,A,,A,,A,,A,,A,,A,,A,,A,,A
20181,03716723,21,0,1,200,D,1,D,12,D,900,D,,A,,A,,A,,A,,A,,A,,A,,A,,A,,A,,A
20181,03717333,8,0,2,120,D,1,D,11,D,100,D,,A,,A,,A,,A,,A,,A,,A,,A,,A,,A,,A
20181,03717993,20,0,1,620,D,1,D,12,D,8,D,,A,,A,,A,,A,,A,,A,,A,,A,,A,,A,,A
20181,03719743,12,0,1,420,D,1,D,01,D,351,D,,A,,A,,A,,A,,A,,A,,A,,A,,A,,A,,A
20181,03720563,24,0,2,530,D,1,D,11,D,3,D,,A,,A,,A,,A,,A,,A,,A,,A,,A,,A,,A
20181,03720653,12,0,2,620,D,1,D,11,D,4,D,,A,,A,,A,,A,,A,,A,,A,,A,,A,,A,,A
20181,03721133,19,0,1,410,D,1,D,01,D,349,D,,A,,A,,A,,A,,A,,A,,A,,A,,A,,A,1,D
20181,03721723,32,0,1,420,D,1,D,12,D,230,D,,A,,A,,A,,A,,A,,A,,A,,A,,A,,A,,A
20181,03723613,32,0,1,420,D,1,D,01,D,126,D,,A,,A,,A,,A,,A,,A,,A,,A,,A,,A,,A
20181,03723613,33,0,1,200,D,1,D,11,D,98,D,,A,,A,,A,,A,,A,,A,,A,,A,,A,,A,,A
20181,03723753,41,0,2,330,D,1,D,11,D,308,D,,A,,A,,A,,A,,A,,A,,A,,A,,A,,A,,A
20181,03734683,7,0,1,420,D,1,D,12,D,30,D,,A,,A,,A,,A,,A,,A,,A,,A,,A,,A,,A
20181,03734683,8,0,1,420,D,1,D,01,D,35,D,,A,,A,,A,,A,,A,,A,,A,,A,,A,,A,,A
20181,03735613,25,0,1,200,D,1,D,01,D,2850,T,,A,,A,,A,,A,,A,,A,,A,,A,,A,,A,,A
20181,03736733,26,0,2,420,D,1,D,12,D,800,D,,A,,A,,A,,A,,A,,A,,A,,A,,A,,A,,A
20181,03737843,10,0,1,200,D,1,D,02,D,500,D,,A,,A,,A,,A,,A,,A,,A,,A,,A,,A,,A
20181,03737993,10,0,1,410,D,1,D,02,D,166,D,,A,,A,,A,,A,,A,,A,,A,,A,,A,,A,2,D
20181,03738013,4,0,1,620,D,1,D,01,D,17,D,,A,,A,,A,,A,,A,,A,,A,,A,,A,,A,,A
20181,03738013,5,0,1,620,D,1,D,02,D,17,D,,A,,A,,A,,A,,A,,A,,A,,A,,A,,A,,A
20181,03738013,6,0,1,620,D,1,D,12,D,17,D,,A,,A,,A,,A,,A,,A,,A,,A,,A,,A,,A
20181,03738834,13,0,1,620,D,1,D,01,D,14,D,,A,,A,,A,,A,,A,,A,,A,,A,,A,,A,,A
20181,03741173,34,0,2,410,D,1,D,12,D,295,D,,A,,A,,A,,A,,A,,A,,A,,A,,A,,A,2,D
20181,03741473,17,0,1,420,D,1,D,01,D,1000,D,,A,,A,,A,,A,,A,,A,,A,,A,,A,,A,,A
20181,03741863,20,0,1,420,D,1,D,01,D,2462,T,,A,,A,,A,,A,,A,,A,,A,,A,,A,,A,,A
20181,03744633,11,0,1,430,D,1,D,01,D,,H,410,D,330,D,,A,,A,,A,,A,,A,,A,,A,,A,,A
20181,03744633,11,1,1,410,D,1,D,01,D,30,E,,A,,A,,A,,A,,A,,A,,A,,A,,A,,A,,A
20181,03744633,11,2,1,330,D,1,D,01,D,670,E,,A,,A,,A,,A,,A,,A,,A,,A,,A,,A,,A
20181,03757582,9,0,1,620,D,1,D,12,D,15,D,,A,,A,,A,,A,,A,,A,,A,,A,,A,,A,,A
20181,03757812,19,0,1,200,D,1,D,12,D,400,D,,A,,A,,A,,A,,A,,A,,A,,A,,A,,A,,A
20181,03757812,20,0,1,620,D,1,D,10,D,100,D,,A,,A,,A,,A,,A,,A,,A,,A,,A,,A,,A
20181,03757942,22,0,1,510,D,1,D,12,D,25,D,,A,,A,,A,,A,,A,,A,,A,,A,,A,,A,,A
20181,03757942,23,0,1,620,D,1,D,12,D,35,D,,A,,A,,A,,A,,A,,A,,A,,A,,A,,A,,A
20181,03758322,21,0,1,410,D,1,D,11,D,83,D,,A,,A,,A,,A,,A,,A,,A,,A,,A,,A,1,D
20181,03758852,36,0,1,410,D,1,D,11,D,225,D,,A,,A,,A,,A,,A,,A,,A,,A,,A,,A,1,D
20181,03758852,37,0,1,510,D,1,D,11,D,129,D,,A,,A,,A,,A,,A,,A,,A,,A,,A,,A,,A
20181,03759022,16,0,1,620,D,1,D,12,D,600,D,,A,,A,,A,,A,,A,,A,,A,,A,,A,,A,,A
20181,03759912,14,0,1,510,D,1,D,11,D,75,D,,A,,A,,A,,A,,A,,A,,A,,A,,A,,A,,A
20181,03760342,40,0,2,620,D,1,D,10,D,300,D,,A,,A,,A,,A,,A,,A,,A,,A,,A,,A,,A
20181,03760472,40,0,1,110,D,1,D,12,D,200,D,,A,,A,,A,,A,,A,,A,,A,,A,,A,,A,,A
20181,03760752,16,0,1,420,D,1,D,12,D,200,D,,A,,A,,A,,A,,A,,A,,A,,A,,A,,A,,A
20181,03761582,28,0,1,420,D,1,D,12,D,2462,T,,A,,A,,A,,A,,A,,A,,A,,A,,A,,A,1,D
20181,03761582,29,0,1,410,D,1,D,11,D,345,D,,A,,A,,A,,A,,A,,A,,A,,A,,A,,A,1,D
20181,03761742,14,0,1,620,D,1,D,12,D,35,D,,A,,A,,A,,A,,A,,A,,A,,A,,A,,A,,A
20181,03763302,14,0,1,420,D,1,D,11,D,35,D,,A,,A,,A,,A,,A,,A,,A,,A,,A,,A,,A
20181,03763712,14,0,1,200,D,1,D,12,D,200,D,,A,,A,,A,,A,,A,,A,,A,,A,,A,,A,,A
20181,03763712,15,0,1,620,D,1,D,12,D,40,D,,A,,A,,A,,A,,A,,A,,A,,A,,A,,A,,A
20181,03763822,17,0,1,110,D,1,D,11,D,45,D,,A,,A,,A,,A,,A,,A,,A,,A,,A,,A,,A
20181,03764122,37,0,1,120,D,1,D,10,D,120,D,,A,,A,,A,,A,,A,,A,,A,,A,,A,,A,,A
20181,03764482,11,0,1,110,D,1,D,11,D,125,D,,A,,A,,A,,A,,A,,A,,A,,A,,A,,A,,A
20181,03764482,12,0,1,110,D,1,D,11,D,773,T,,A,,A,,A,,A,,A,,A,,A,,A,,A,,A,,A
20181,03776872,41,0,1,200,D,1,D,12,D,793,D,,A,,A,,A,,A,,A,,A,,A,,A,,A,,A,,A
20181,03777162,26,0,1,420,D,1,D,11,D,21,D,,A,,A,,A,,A,,A,,A,,A,,A,,A,,A,,A
20181,03777162,27,0,1,510,D,1,D,12,D,11,D,,A,,A,,A,,A,,A,,A,,A,,A,,A,,A,,A
20181,03777772,23,0,1,620,D,1,D,11,D,30,D,,A,,A,,A,,A,,A,,A,,A,,A,,A,,A,,A
20181,03777772,24,0,1,620,D,1,D,12,D,30,D,,A,,A,,A,,A,,A,,A,,A,,A,,A,,A,,A
20181,03777772,25,0,1,620,D,1,D,01,D,30,D,,A,,A,,A,,A,,A,,A,,A,,A,,A,,A,,A
20181,03778332,15,0,1,420,D,1,D,12,D,20,D,,A,,A,,A,,A,,A,,A,,A,,A,,A,,A,,A
20181,03778332,16,0,1,420,D,1,D,01,D,20,D,,A,,A,,A,,A,,A,,A,,A,,A,,A,,A,,A
20181,03778632,18,0,1,200,D,1,D,01,D,160,D,,A,,A,,A,,A,,A,,A,,A,,A,,A,,A,,A
20181,03778632,19,0,2,200,D,1,D,11,D,800,D,,A,,A,,A,,A,,A,,A,,A,,A,,A,,A,,A
20181,03779732,7,0,1,130,D,1,D,12,D,,H,120,D,110,D,,A,,A,,A,,A,,A,,A,,A,,A,,A
20181,03779732,7,1,1,120,D,1,D,12,D,95,E,,A,,A,,A,,A,,A,,A,,A,,A,,A,,A,,A
20181,03779732,7,2,1,110,D,1,D,12,D,125,E,,A,,A,,A,,A,,A,,A,,A,,A,,A,,A,,A
20181,03780532,16,0,1,410,D,1,D,11,D,240,D,,A,,A,,A,,A,,A,,A,,A,,A,,A,,A,1,D
20181,03780622,57,0,1,610,D,1,D,01,D,30,D,,A,,A,,A,,A,,A,,A,,A,,A,,A,,A,,A
20181,03781372,7,0,1,200,D,1,D,01,D,2850,T,,A,,A,,A,,A,,A,,A,,A,,A,,A,,A,,A
20181,03782392,18,0,1,200,D,1,D,01,D,69,D,,A,,A,,A,,A,,A,,A,,A,,A,,A,,A,,A
20181,03785522,30,0,1,620,D,1,D,11,D,56,D,,A,,A,,A,,A,,A,,A,,A,,A,,A,,A,,A
20181,03785522,31,0,2,620,D,1,D,11,D,10,D,,A,,A,,A,,A,,A,,A,,A,,A,,A,,A,,A
20181,03798012,13,0,1,510,D,1,D,02,D,345,D,,A,,A,,A,,A,,A,,A,,A,,A,,A,,A,,A
20181,03798272,17,0,2,120,D,1,D,12,D,50,D,,A,,A,,A,,A,,A,,A,,A,,A,,A,,A,,A
20181,03800112,28,0,1,420,D,1,D,02,D,49,D,,A,,A,,A,,A,,A,,A,,A,,A,,A,,A,,A
20181,03803622,42,0,1,420,D,1,D,12,D,2462,T,,A,,A,,A,,A,,A,,A,,A,,A,,A,,A,,A
20181,03805144,9,0,1,410,D,1,D,12,D,186,F,,A,,A,,A,,A,,A,,A,,A,,A,,A,,A,1,D
20181,03805402,25,0,1,620,D,1,D,02,D,117,D,,A,,A,,A,,A,,A,,A,,A,,A,,A,,A,,A
20181,03805592,14,0,1,120,D,1,D,01,D,150,D,,A,,A,,A,,A,,A,,A,,A,,A,,A,,A,,A
20181,03805852,13,0,1,620,D,1,D,12,D,175,D,,A,,A,,A,,A,,A,,A,,A,,A,,A,,A,,A
20181,03805852,14,0,1,620,D,1,D,01,D,175,D,,A,,A,,A,,A,,A,,A,,A,,A,,A,,A,,A
20181,03805852,15,0,1,620,D,1,D,02,D,175,D,,A,,A,,A,,A,,A,,A,,A,,A,,A,,A,,A
20181,03806182,23,0,1,420,D,1,D,12,D,214,D,,A,,A,,A,,A,,A,,A,,A,,A,,A,,A,,A
20181,03807152,24,0,1,200,D,1,D,12,D,84,D,,A,,A,,A,,A,,A,,A,,A,,A,,A,,A,,A
20181,03807152,25,0,1,200,D,1,D,01,D,84,D,,A,,A,,A,,A,,A,,A,,A,,A,,A,,A,,A
20181,03807572,13,0,1,620,D,1,D,01,D,100,D,,A,,A,,A,,A,,A,,A,,A,,A,,A,,A,,A
20181,03807983,7,0,1,200,D,1,D,01,D,2850,T,,A,,A,,A,,A,,A,,A,,A,,A,,A,,A,,A
20181,03819524,31,0,1,200,D,1,D,11,D,380,D,,A,,A,,A,,A,,A,,A,,A,,A,,A,,A,,A
20181,03819921,8,0,1,900,D,1,D,12,D,,H,900,D,110,D,,A,,A,,A,,A,,A,,A,,A,,A,,A
20181,03819921,8,1,1,110,D,1,D,12,D,24,E,,A,,A,,A,,A,,A,,A,,A,,A,,A,,A,,A
20181,03819921,8,2,1,200,D,1,D,12,D,80,E,,A,,A,,A,,A,,A,,A,,A,,A,,A,,A,,A
20181,03819921,8,3,1,620,D,1,D,12,D,6,E,,A,,A,,A,,A,,A,,A,,A,,A,,A,,A,,A
20181,03819921,9,0,1,900,D,1,D,11,D,,H,900,D,620,D,,A,,A,,A,,A,,A,,A,,A,,A,,A
20181,03819921,9,1,1,410,D,1,D,11,D,2,E,,A,,A,,A,,A,,A,,A,,A,,A,,A,,A,,A
20181,03819921,9,2,1,620,D,1,D,11,D,2,E,,A,,A,,A,,A,,A,,A,,A,,A,,A,,A,,A
20181,03820121,10,0,1,620,D,1,D,12,D,700,D,,A,,A,,A,,A,,A,,A,,A,,A,,A,,A,,A
20181,03820121,11,0,1,620,D,1,D,12,D,700,D,,A,,A,,A,,A,,A,,A,,A,,A,,A,,A,,A
20181,03821181,26,0,1,410,D,1,D,10,D,35,D,,A,,A,,A,,A,,A,,A,,A,,A,,A,,A,2,D
20181,03821181,27,0,1,410,D,1,D,11,D,35,D,,A,,A,,A,,A,,A,,A,,A,,A,,A,,A,2,D
20181,03821181,28,0,1,410,D,1,D,12,D,35,D,,A,,A,,A,,A,,A,,A,,A,,A,,A,,A,2,D
20181,03821201,45,0,1,410,D,1,D,11,D,110,D,,A,,A,,A,,A,,A,,A,,A,,A,,A,,A,1,D
20181,03822501,16,0,1,120,D,1,D,11,D,300,D,,A,,A,,A,,A,,A,,A,,A,,A,,A,,A,,A
20181,03823294,24,0,1,420,D,1,D,12,D,2462,T,,A,,A,,A,,A,,A,,A,,A,,A,,A,,A,,A
20181,03823321,14,0,1,620,D,1,D,10,D,35,D,,A,,A,,A,,A,,A,,A,,A,,A,,A,,A,,A
20181,03823321,15,0,1,620,D,1,D,11,D,35,D,,A,,A,,A,,A,,A,,A,,A,,A,,A,,A,,A
20181,03823321,16,0,1,620,D,1,D,12,D,35,D,,A,,A,,A,,A,,A,,A,,A,,A,,A,,A,,A
20181,03829031,9,0,1,620,D,1,D,11,D,15,D,,A,,A,,A,,A,,A,,A,,A,,A,,A,,A,,A
20181,03844021,14,0,1,420,D,1,D,11,D,25,D,,A,,A,,A,,A,,A,,A,,A,,A,,A,,A,,A
20181,03844021,15,0,1,420,D,1,D,12,D,25,D,,A,,A,,A,,A,,A,,A,,A,,A,,A,,A,,A
20181,03844241,14,0,1,700,D,1,D,11,D,9000,D,,A,,A,,A,,A,,A,,A,,A,,A,,A,,A,,A
20181,03844241,15,0,1,700,D,1,D,12,D,9000,D,,A,,A,,A,,A,,A,,A,,A,,A,,A,,A,,A
20181,03844241,16,0,1,700,D,1,D,01,D,9000,D,,A,,A,,A,,A,,A,,A,,A,,A,,A,,A,,A
20181,03845661,6,0,1,655,D,1,D,11,D,88,T,,A,,A,,A,,A,,A,,A,,A,,A,,A,2,D,,A
20181,03845661,7,0,1,655,D,1,D,12,D,88,T,,A,,A,,A,,A,,A,,A,,A,,A,,A,2,D,,A
20181,03845661,8,0,1,655,D,1,D,01,D,88,T,,A,,A,,A,,A,,A,,A,,A,,A,,A,2,D,,A
20181,03846261,21,0,1,420,D,1,D,01,D,80,D,,A,,A,,A,,A,,A,,A,,A,,A,,A,,A,,A
20181,03846821,23,0,1,420,D,1,D,01,D,350,D,,A,,A,,A,,A,,A,,A,,A,,A,,A,,A,,A
20181,03848911,7,0,1,200,D,1,D,12,D,145,D,,A,,A,,A,,A,,A,,A,,A,,A,,A,,A,,A
20181,03848911,8,0,1,120,D,1,D,01,D,500,D,,A,,A,,A,,A,,A,,A,,A,,A,,A,,A,,A
20181,03848911,9,0,1,620,D,1,D,11,D,40,D,,A,,A,,A,,A,,A,,A,,A,,A,,A,,A,,A
20181,03848911,10,0,1,620,D,1,D,12,D,40,D,,A,,A,,A,,A,,A,,A,,A,,A,,A,,A,,A
20181,03848911,11,0,1,620,D,1,D,01,D,40,D,,A,,A,,A,,A,,A,,A,,A,,A,,A,,A,,A
20181,03850101,14,0,1,110,D,1,D,01,D,170,D,,A,,A,,A,,A,,A,,A,,A,,A,,A,,A,,A
20181,03850101,15,0,1,410,D,1,D,01,D,400,D,,A,,A,,A,,A,,A,,A,,A,,A,,A,,A,1,D
20181,03850331,11,0,1,620,D,1,D,01,D,2,D,,A,,A,,A,,A,,A,,A,,A,,A,,A,,A,,A
20181,03851431,14,0,1,635,D,1,D,02,D,1112,T,,A,,A,,A,,A,,A,,A,,A,,A,,A,1,D,,A
20181,03851661,17,0,1,620,D,1,D,12,D,4,D,,A,,A,,A,,A,,A,,A,,A,,A,,A,,A,,A
20181,03851661,18,0,1,620,D,1,D,01,D,4,D,,A,,A,,A,,A,,A,,A,,A,,A,,A,,A,,A
20181,03851731,7,0,1,620,D,1,D,12,D,50,D,,A,,A,,A,,A,,A,,A,,A,,A,,A,,A,,A
20181,03851731,8,0,1,620,D,1,D,01,D,50,D,,A,,A,,A,,A,,A,,A,,A,,A,,A,,A,,A
20181,03851731,9,0,1,620,D,1,D,02,D,50,D,,A,,A,,A,,A,,A,,A,,A,,A,,A,,A,,A
20181,03852454,15,0,1,200,D,1,D,01,D,75,D,,A,,A,,A,,A,,A,,A,,A,,A,,A,,A,,A
20181,03855271,21,0,1,200,D,1,D,02,D,5,D,,A,,A,,A,,A,,A,,A,,A,,A,,A,,A,,A
20181,03855291,11,0,1,620,D,2,D,01,D,40,D,,A,,A,,A,,A,,A,,A,,A,,A,,A,,A,,A
20181,03857501,34,0,1,330,D,1,D,02,D,231,D,,A,,A,,A,,A,,A,,A,,A,,A,,A,,A,,A
